date,nav
2011-11-01,16.98
2011-11-02,16.99
2011-11-03,16.67
2011-11-04,16.92
2011-11-07,16.98
2011-11-08,16.95
2011-11-09,16.78
2011-11-10,16.23
2011-11-11,16.24
2011-11-14,16.62
2011-11-15,16.49
2011-11-16,16.33
2011-11-17,16.39
2011-11-18,16.12
2011-11-21,15.69
2011-11-22,15.44
2011-11-23,15.13
2011-11-24,15.07
2011-11-25,14.89
2011-11-28,15.12
2011-11-29,15.41
2011-11-30,15.23
2011-12-01,15.75
2011-12-02,15.7
2011-12-05,15.58
2011-12-06,15.27
2011-12-07,15.3
2011-12-08,15.09
2011-12-09,14.92
2011-12-12,15.01
2011-12-13,14.95
2011-12-14,15.08
2011-12-15,14.79
2011-12-16,14.9
2011-12-19,14.5
2011-12-20,14.62
2011-12-21,15.27
2011-12-22,15.28
2011-12-23,15.55
2011-12-26,15.51
2011-12-27,15.5
2011-12-28,15.39
2011-12-29,15.43
2011-12-30,15.48
2012-01-02,15.24
2012-01-03,15.48
2012-01-04,15.56
2012-01-05,15.69
2012-01-06,15.75
2012-01-09,15.71
2012-01-10,15.9
2012-01-11,15.95
2012-01-12,15.89
2012-01-13,15.85
2012-01-16,15.66
2012-01-17,16.12
2012-01-18,16.28
2012-01-30,16.89
2012-01-31,17.1
2012-02-01,17.17
2012-02-02,17.27
2012-02-03,17.23
2012-02-04,17.37
2012-02-06,17.23
2012-02-07,17.38
2012-02-08,17.96
2012-02-09,18.07
2012-02-10,17.9
2012-02-13,17.99
2012-02-14,18.01
2012-02-15,18.31
2012-02-16,17.72
2012-02-17,17.71
2012-02-20,17.97
2012-02-21,17.9
2012-02-22,18.23
2012-02-23,18.06
2012-02-24,18.06
2012-02-29,18.38
2012-03-01,18.61
2012-03-02,18.75
2012-03-03,18.68
2012-03-05,18.28
2012-03-06,18.01
2012-03-07,17.97
2012-03-08,18.07
2012-03-09,18.25
2012-03-12,18.07
2012-03-13,18.06
2012-03-14,18.41
2012-03-15,18.51
2012-03-16,18.47
2012-03-19,18.23
2012-03-20,18.11
2012-03-21,17.99
2012-03-22,18.23
2012-03-23,18.29
2012-03-26,18.08
2012-03-27,18.05
2012-03-28,18.18
2012-03-29,17.78
2012-03-30,17.91
2012-04-02,17.72
2012-04-03,17.19
2012-04-05,17.03
2012-04-06,17.44
2012-04-09,17.16
2012-04-10,17.23
2012-04-11,17.37
2012-04-12,17.45
2012-04-13,17.75
2012-04-16,17.67
2012-04-17,17.13
2012-04-18,17.06
2012-04-19,17.04
2012-04-20,16.62
2012-04-23,16.45
2012-04-24,16.53
2012-04-25,16.9
2012-04-26,16.73
2012-04-27,16.44
2012-04-30,16.4
2012-05-02,17.01
2012-05-03,17.0
2012-05-04,17.12
2012-05-07,16.76
2012-05-08,16.92
2012-05-09,16.74
2012-05-10,16.58
2012-05-11,16.28
2012-05-14,16.28
2012-05-15,16.47
2012-05-16,16.04
2012-05-17,16.42
2012-05-18,15.87
2012-05-21,15.93
2012-05-22,16.23
2012-05-23,15.95
2012-05-24,15.84
2012-05-25,15.59
2012-05-28,15.77
2012-05-29,16.42
2012-05-30,16.29
2012-05-31,16.28
2012-06-01,15.73
2012-06-04,15.23
2012-06-05,15.52
2012-06-06,15.74
2012-06-07,15.75
2012-06-08,15.66
2012-06-11,15.91
2012-06-12,15.79
2012-06-13,15.81
2012-06-14,15.8
2012-06-15,16.2
2012-06-18,16.6
2012-06-19,16.53
2012-06-20,16.54
2012-06-21,16.42
2012-06-22,16.4
2012-06-25,16.31
2012-06-26,16.14
2012-06-27,16.22
2012-06-28,16.13
2012-06-29,16.35
2012-07-02,16.4
2012-07-03,16.5
2012-07-04,16.64
2012-07-05,16.65
2012-07-06,16.47
2012-07-09,16.36
2012-07-10,16.09
2012-07-11,16.19
2012-07-12,15.94
2012-07-13,15.86
2012-07-16,15.72
2012-07-17,15.73
2012-07-18,15.62
2012-07-19,15.93
2012-07-20,15.98
2012-07-23,15.69
2012-07-24,15.69
2012-07-25,15.64
2012-07-26,15.64
2012-07-27,16.02
2012-07-30,16.03
2012-07-31,16.12
2012-08-01,16.25
2012-08-03,16.15
2012-08-06,16.26
2012-08-07,16.3
2012-08-08,16.41
2012-08-09,16.84
2012-08-10,16.99
2012-08-13,17.04
2012-08-14,17.13
2012-08-15,17.13
2012-08-16,17.32
2012-08-17,17.3
2012-08-20,17.22
2012-08-21,17.27
2012-08-22,17.25
2012-08-23,17.4
2012-08-24,17.33
2012-08-27,17.35
2012-08-28,17.02
2012-08-29,17.2
2012-08-30,17.3
2012-08-31,17.36
2012-09-03,17.65
2012-09-04,17.64
2012-09-05,17.58
2012-09-06,17.43
2012-09-07,17.62
2012-09-10,17.69
2012-09-11,17.68
2012-09-12,17.95
2012-09-13,17.93
2012-09-14,18.06
2012-09-17,18.03
2012-09-18,18.01
2012-09-19,18.04
2012-09-20,17.89
2012-09-21,17.87
2012-09-24,18.01
2012-09-25,17.79
2012-09-26,17.41
2012-09-27,17.47
2012-09-28,17.44
2012-10-01,17.33
2012-10-02,17.53
2012-10-03,17.54
2012-10-04,17.48
2012-10-05,17.5
2012-10-08,17.3
2012-10-09,17.13
2012-10-11,17.05
2012-10-12,17.03
2012-10-15,17.0
2012-10-16,17.16
2012-10-17,17.16
2012-10-18,17.09
2012-10-19,17.01
2012-10-22,16.98
2012-10-23,16.92
2012-10-24,16.97
2012-10-25,16.91
2012-10-26,16.78
2012-10-29,16.67
2012-10-30,16.88
2012-10-31,16.84
2012-11-01,17.04
2012-11-02,16.98
2012-11-05,16.82
2012-11-06,16.94
2012-11-07,17.18
2012-11-08,17.25
2012-11-09,17.42
2012-11-12,17.27
2012-11-13,17.07
2012-11-14,17.08
2012-11-15,17.09
2012-11-16,16.92
2012-11-19,16.84
2012-11-20,16.79
2012-11-21,16.78
2012-11-22,16.79
2012-11-23,17.25
2012-11-26,17.51
2012-11-27,17.5
2012-11-28,17.51
2012-11-29,17.6
2012-11-30,17.79
2012-12-03,17.79
2012-12-04,18.01
2012-12-05,18.07
2012-12-06,18.03
2012-12-07,18.05
2012-12-10,17.96
2012-12-11,17.92
2012-12-12,18.1
2012-12-13,18.19
2012-12-14,17.89
2012-12-17,17.5
2012-12-18,17.58
2012-12-19,17.62
2012-12-20,17.59
2012-12-21,17.37
2012-12-22,17.49
2012-12-24,17.34
2012-12-25,17.58
2012-12-26,17.54
2012-12-27,17.58
2012-12-28,17.63
2013-01-02,17.92
2013-01-03,17.99
2013-01-04,17.73
2013-01-07,17.43
2013-01-08,17.4
2013-01-09,17.44
2013-01-10,17.49
2013-01-11,17.48
2013-01-14,17.49
2013-01-15,17.3
2013-01-16,17.18
2013-01-17,16.86
2013-01-18,17.14
2013-01-21,17.22
2013-01-22,17.27
2013-01-23,17.28
2013-01-24,17.27
2013-01-25,17.24
2013-01-28,17.34
2013-01-29,17.7
2013-01-30,17.71
2013-01-31,17.74
2013-02-01,17.76
2013-02-04,17.84
2013-02-05,17.83
2013-02-06,17.81
2013-02-18,18.04
2013-02-19,18.2
2013-02-20,18.38
2013-02-21,18.23
2013-02-22,18.12
2013-02-23,18.17
2013-02-25,18.14
2013-02-26,17.95
2013-02-27,18.09
2013-03-01,18.21
2013-03-04,17.96
2013-03-05,18.3
2013-03-06,18.41
2013-03-07,18.31
2013-03-08,18.33
2013-03-11,18.48
2013-03-12,18.31
2013-03-13,18.26
2013-03-14,18.13
2013-03-15,18.13
2013-03-18,17.88
2013-03-19,18.0
2013-03-20,18.03
2013-03-21,18.04
2013-03-22,18.01
2013-03-25,18.25
2013-03-26,18.21
2013-03-27,18.26
2013-03-28,18.18
2013-03-29,18.26
2013-04-01,18.16
2013-04-02,18.24
2013-04-03,18.38
2013-04-08,17.99
2013-04-09,17.81
2013-04-10,18.01
2013-04-11,18.25
2013-04-12,18.03
2013-04-15,17.85
2013-04-16,18.06
2013-04-17,18.15
2013-04-18,18.13
2013-04-19,18.41
2013-04-22,18.35
2013-04-23,18.19
2013-04-24,18.45
2013-04-25,18.37
2013-04-26,18.3
2013-04-29,18.42
2013-04-30,18.74
2013-05-02,18.93
2013-05-03,18.85
2013-05-06,19.11
2013-05-07,19.02
2013-05-08,19.23
2013-05-09,19.13
2013-05-10,18.95
2013-05-13,18.85
2013-05-14,18.77
2013-05-15,18.97
2013-05-16,19.18
2013-05-17,19.26
2013-05-20,19.22
2013-05-21,19.23
2013-05-22,19.23
2013-05-23,18.86
2013-05-24,18.77
2013-05-27,18.97
2013-05-28,19.05
2013-05-29,19.25
2013-05-30,19.07
2013-05-31,19.18
2013-06-03,19.08
2013-06-04,18.99
2013-06-05,18.9
2013-06-06,18.66
2013-06-07,18.52
2013-06-10,18.84
2013-06-11,18.66
2013-06-13,18.21
2013-06-14,18.14
2013-06-17,18.38
2013-06-18,18.46
2013-06-19,18.41
2013-06-20,18.01
2013-06-21,17.61
2013-06-24,17.29
2013-06-25,16.96
2013-06-26,17.25
2013-06-27,17.44
2013-06-28,17.71
2013-07-01,17.97
2013-07-02,17.98
2013-07-03,17.81
2013-07-04,17.57
2013-07-05,17.7
2013-07-08,17.57
2013-07-09,17.62
2013-07-10,17.54
2013-07-11,17.87
2013-07-12,17.87
2013-07-15,17.92
2013-07-16,17.88
2013-07-17,17.55
2013-07-18,17.19
2013-07-19,16.74
2013-07-22,16.94
2013-07-23,17.33
2013-07-24,17.42
2013-07-25,17.43
2013-07-26,17.6
2013-07-29,17.5
2013-07-30,17.76
2013-07-31,17.64
2013-08-01,17.54
2013-08-02,17.45
2013-08-05,17.55
2013-08-06,17.39
2013-08-07,16.98
2013-08-08,17.14
2013-08-09,17.05
2013-08-12,17.19
2013-08-13,17.62
2013-08-14,17.69
2013-08-15,17.59
2013-08-16,17.71
2013-08-19,17.72
2013-08-20,17.53
2013-08-22,17.65
2013-08-23,17.74
2013-08-26,17.83
2013-08-27,17.58
2013-08-28,17.6
2013-08-29,17.83
2013-08-30,18.08
2013-09-02,18.03
2013-09-03,18.14
2013-09-04,18.1
2013-09-05,18.41
2013-09-06,18.26
2013-09-09,18.24
2013-09-10,18.2
2013-09-11,18.0
2013-09-12,17.89
2013-09-13,17.83
2013-09-14,17.76
2013-09-16,18.05
2013-09-17,18.01
2013-09-18,17.99
2013-09-23,18.1
2013-09-24,18.13
2013-09-25,18.04
2013-09-26,17.8
2013-09-27,17.84
2013-09-30,17.81
2013-10-01,17.84
2013-10-02,17.88
2013-10-03,18.2
2013-10-04,18.27
2013-10-07,18.09
2013-10-08,18.07
2013-10-09,17.98
2013-10-11,18.01
2013-10-14,17.77
2013-10-15,18.03
2013-10-16,17.9
2013-10-17,17.93
2013-10-18,18.21
2013-10-21,18.3
2013-10-22,18.3
2013-10-23,18.25
2013-10-24,18.37
2013-10-25,18.26
2013-10-28,18.3
2013-10-29,18.28
2013-10-30,18.35
2013-10-31,18.34
2013-11-01,18.29
2013-11-04,18.21
2013-11-05,18.01
2013-11-06,17.98
2013-11-07,18.01
2013-11-08,17.84
2013-11-11,17.78
2013-11-12,17.72
2013-11-13,17.61
2013-11-14,17.77
2013-11-15,17.81
2013-11-18,17.79
2013-11-19,18.08
2013-11-20,17.95
2013-11-21,17.73
2013-11-22,17.73
2013-11-25,17.94
2013-11-26,18.07
2013-11-27,18.26
2013-11-28,18.47
2013-11-29,18.62
2013-12-02,18.69
2013-12-03,18.72
2013-12-04,18.81
2013-12-05,18.66
2013-12-06,18.74
2013-12-09,18.6
2013-12-10,18.54
2013-12-11,18.47
2013-12-12,18.32
2013-12-13,18.33
2013-12-16,18.14
2013-12-17,18.34
2013-12-18,18.4
2013-12-19,18.53
2013-12-20,18.62
2013-12-23,18.64
2013-12-24,18.71
2013-12-25,18.76
2013-12-26,18.82
2013-12-27,18.95
2013-12-30,19.22
2013-12-31,19.33
2014-01-02,19.6
2014-01-03,19.45
2014-01-06,19.2
2014-01-07,19.55
2014-01-08,19.66
2014-01-09,19.49
2014-01-10,19.37
2014-01-13,19.3
2014-01-14,19.41
2014-01-15,19.67
2014-01-16,19.65
2014-01-17,19.58
2014-01-20,19.71
2014-01-21,19.76
2014-01-22,19.8
2014-01-23,19.83
2014-01-24,19.81
2014-01-27,19.54
2014-02-05,19.38
2014-02-06,19.45
2014-02-07,19.61
2014-02-10,19.42
2014-02-11,19.5
2014-02-12,19.7
2014-02-13,19.52
2014-02-14,19.45
2014-02-17,19.5
2014-02-18,19.63
2014-02-19,19.71
2014-02-20,19.67
2014-02-21,19.85
2014-02-24,19.93
2014-02-25,20.0
2014-02-26,20.09
2014-02-27,20.26
2014-03-03,20.41
2014-03-04,20.46
2014-03-05,20.86
2014-03-06,21.28
2014-03-07,20.9
2014-03-10,20.97
2014-03-11,21.08
2014-03-12,21.08
2014-03-13,21.31
2014-03-14,21.15
2014-03-17,21.2
2014-03-18,21.5
2014-03-19,21.01
2014-03-20,20.83
2014-03-21,20.63
2014-03-24,20.59
2014-03-25,20.95
2014-03-26,21.16
2014-03-27,21.2
2014-03-28,20.87
2014-03-31,21.06
2014-04-01,21.28
2014-04-02,21.58
2014-04-03,21.46
2014-04-07,21.3
2014-04-08,21.4
2014-04-09,21.66
2014-04-10,21.5
2014-04-11,21.11
2014-04-14,20.4
2014-04-15,20.64
2014-04-16,20.76
2014-04-17,20.84
2014-04-18,20.83
2014-04-21,20.73
2014-04-22,20.91
2014-04-23,20.61
2014-04-24,20.53
2014-04-25,20.14
2014-04-28,20.43
2014-04-29,20.61
2014-04-30,20.09
2014-05-02,20.48
2014-05-05,20.73
2014-05-06,20.75
2014-05-07,20.56
2014-05-08,20.64
2014-05-09,20.32
2014-05-12,19.8
2014-05-13,19.69
2014-05-14,19.78
2014-05-15,19.97
2014-05-16,20.02
2014-05-19,20.13
2014-05-20,20.13
2014-05-21,20.15
2014-05-22,20.45
2014-05-23,20.6
2014-05-26,20.8
2014-05-27,20.82
2014-05-28,20.96
2014-05-29,20.91
2014-05-30,21.0
2014-06-03,21.05
2014-06-04,21.11
2014-06-05,21.19
2014-06-06,21.15
2014-06-09,21.14
2014-06-10,21.16
2014-06-11,21.23
2014-06-12,21.26
2014-06-13,21.32
2014-06-16,21.41
2014-06-17,21.51
2014-06-18,21.34
2014-06-19,21.61
2014-06-20,21.66
2014-06-23,21.27
2014-06-24,21.34
2014-06-25,21.49
2014-06-26,21.81
2014-06-27,21.87
2014-06-30,22.3
2014-07-01,22.29
2014-07-02,22.2
2014-07-03,22.49
2014-07-04,22.25
2014-07-07,22.2
2014-07-08,22.21
2014-07-09,22.08
2014-07-10,22.36
2014-07-11,22.06
2014-07-14,22.16
2014-07-15,22.23
2014-07-16,22.08
2014-07-17,21.87
2014-07-18,21.75
2014-07-21,21.84
2014-07-22,21.99
2014-07-24,22.1
2014-07-25,21.71
2014-07-28,21.24
2014-07-29,20.69
2014-07-30,21.0
2014-07-31,20.89
2014-08-01,20.9
2014-08-04,21.15
2014-08-05,20.83
2014-08-06,20.66
2014-08-07,20.34
2014-08-08,20.37
2014-08-11,20.91
2014-08-12,20.97
2014-08-13,21.24
2014-08-14,21.11
2014-08-15,20.97
2014-08-18,20.77
2014-08-19,21.09
2014-08-20,20.92
2014-08-21,20.67
2014-08-22,20.94
2014-08-25,21.09
2014-08-26,21.43
2014-08-27,21.73
2014-08-28,21.77
2014-08-29,21.89
2014-09-01,21.96
2014-09-02,21.42
2014-09-03,21.34
2014-09-04,21.32
2014-09-05,21.27
2014-09-09,21.38
2014-09-10,21.33
2014-09-11,21.19
2014-09-12,20.75
2014-09-15,20.81
2014-09-16,20.61
2014-09-17,20.86
2014-09-18,20.98
2014-09-19,21.2
2014-09-22,21.01
2014-09-23,20.82
2014-09-24,20.76
2014-09-25,20.45
2014-09-26,20.39
2014-09-29,20.49
2014-09-30,20.38
2014-10-01,20.49
2014-10-02,20.58
2014-10-03,20.79
2014-10-06,20.82
2014-10-07,20.69
2014-10-08,20.43
2014-10-09,20.3
2014-10-13,19.58
2014-10-14,19.68
2014-10-15,19.22
2014-10-16,19.32
2014-10-17,18.84
2014-10-20,19.16
2014-10-21,19.25
2014-10-22,19.32
2014-10-23,19.28
2014-10-24,19.02
2014-10-27,18.71
2014-10-28,19.14
2014-10-29,19.59
2014-10-30,19.37
2014-10-31,19.66
2014-11-03,19.82
2014-11-04,19.88
2014-11-05,19.78
2014-11-06,19.54
2014-11-07,19.8
2014-11-10,19.94
2014-11-11,20.19
2014-11-12,20.09
2014-11-13,20.11
2014-11-14,20.1
2014-11-17,19.88
2014-11-18,19.77
2014-11-19,19.93
2014-11-20,20.34
2014-11-21,20.47
2014-11-24,20.55
2014-11-25,20.68
2014-11-26,20.76
2014-11-27,20.7
2014-11-28,20.81
2014-12-01,21.04
2014-12-02,20.85
2014-12-03,21.27
2014-12-04,21.2
2014-12-05,21.17
2014-12-08,21.0
2014-12-09,20.84
2014-12-10,20.7
2014-12-11,20.78
2014-12-12,20.91
2014-12-15,20.94
2014-12-16,20.73
2014-12-17,20.58
2014-12-18,20.84
2014-12-19,20.57
2014-12-22,20.97
2014-12-23,20.95
2014-12-24,21.13
2014-12-25,20.93
2014-12-26,21.0
2014-12-27,21.01
2014-12-29,21.12
2014-12-30,21.09
2014-12-31,21.07
2015-01-05,21.24
2015-01-06,20.87
2015-01-07,20.99
2015-01-08,21.27
2015-01-09,21.19
2015-01-12,21.08
2015-01-13,21.06
2015-01-14,21.06
2015-01-15,21.05
2015-01-16,20.72
2015-01-19,20.61
2015-01-20,21.04
2015-01-21,20.96
2015-01-22,21.15
2015-01-23,21.28
2015-01-26,21.28
2015-01-27,21.28
2015-01-28,21.33
2015-01-29,21.16
2015-01-30,20.96
2015-02-02,20.94
2015-02-03,21.14
2015-02-04,21.19
2015-02-05,21.21
2015-02-06,21.07
2015-02-09,21.12
2015-02-10,21.02
2015-02-11,21.2
2015-02-12,21.3
2015-02-13,21.3
2015-02-24,21.52
2015-02-25,21.59
2015-02-26,21.59
2015-03-02,21.46
2015-03-03,21.57
2015-03-04,21.64
2015-03-05,21.74
2015-03-06,21.95
2015-03-09,21.82
2015-03-10,21.75
2015-03-11,21.68
2015-03-12,21.79
2015-03-13,21.85
2015-03-16,21.71
2015-03-17,21.76
2015-03-18,22.0
2015-03-19,22.13
2015-03-20,22.36
2015-03-23,22.3
2015-03-24,22.35
2015-03-25,22.18
2015-03-26,22.12
2015-03-27,21.91
2015-03-30,21.75
2015-03-31,22.11
2015-04-01,22.05
2015-04-02,22.31
2015-04-07,22.62
2015-04-08,22.43
2015-04-09,22.28
2015-04-10,22.37
2015-04-13,22.51
2015-04-14,22.57
2015-04-15,22.39
2015-04-16,22.54
2015-04-17,22.4
2015-04-20,22.32
2015-04-21,22.13
2015-04-22,22.67
2015-04-23,23.11
2015-04-24,23.27
2015-04-27,23.33
2015-04-28,23.34
2015-04-29,22.95
2015-04-30,23.04
2015-05-04,23.24
2015-05-05,23.23
2015-05-06,23.23
2015-05-07,23.0
2015-05-08,22.88
2015-05-11,22.85
2015-05-12,22.9
2015-05-13,23.18
2015-05-14,23.09
2015-05-15,23.07
2015-05-18,23.06
2015-05-19,23.46
2015-05-20,23.56
2015-05-21,23.31
2015-05-22,23.36
2015-05-25,23.45
2015-05-26,23.45
2015-05-27,23.63
2015-05-28,23.69
2015-05-29,23.68
2015-06-01,23.51
2015-06-02,23.58
2015-06-03,23.3
2015-06-04,22.62
2015-06-05,22.76
2015-06-08,22.57
2015-06-09,21.81
2015-06-10,22.24
2015-06-11,22.24
2015-06-12,22.42
2015-06-15,22.22
2015-06-16,22.15
2015-06-17,22.17
2015-06-18,22.4
2015-06-22,22.75
2015-06-23,22.94
2015-06-24,22.87
2015-06-25,23.17
2015-06-26,23.07
2015-06-29,22.51
2015-06-30,22.8
2015-07-01,23.17
2015-07-02,23.22
2015-07-03,23.22
2015-07-06,22.85
2015-07-07,22.67
2015-07-08,21.72
2015-07-09,21.84
2015-07-13,22.1
2015-07-14,22.13
2015-07-15,22.11
2015-07-16,22.2
2015-07-17,22.06
2015-07-20,22.01
2015-07-21,21.88
2015-07-22,21.48
2015-07-23,21.02
2015-07-24,20.81
2015-07-27,19.89
2015-07-28,20.43
2015-07-29,20.33
2015-07-30,20.61
2015-07-31,20.69
2015-08-03,20.24
2015-08-04,19.85
2015-08-05,20.16
2015-08-06,19.81
2015-08-07,20.01
2015-08-10,20.29
2015-08-11,20.25
2015-08-12,20.16
2015-08-13,20.38
2015-08-14,20.24
2015-08-17,19.99
2015-08-18,20.04
2015-08-19,19.66
2015-08-20,19.6
2015-08-21,18.75
2015-08-24,17.82
2015-08-25,18.63
2015-08-26,18.68
2015-08-27,19.1
2015-08-28,19.4
2015-08-31,19.62
2015-09-01,19.47
2015-09-02,19.54
2015-09-03,19.75
2015-09-04,19.37
2015-09-07,19.42
2015-09-08,19.75
2015-09-09,20.43
2015-09-10,20.39
2015-09-11,20.63
2015-09-14,20.74
2015-09-15,20.46
2015-09-16,20.71
2015-09-17,20.9
2015-09-18,21.14
2015-09-21,20.8
2015-09-22,21.02
2015-09-23,20.54
2015-09-24,20.26
2015-09-25,20.42
2015-09-30,20.5
2015-10-01,20.98
2015-10-02,21.07
2015-10-05,21.21
2015-10-06,21.22
2015-10-07,21.4
2015-10-08,21.04
2015-10-12,21.16
2015-10-13,21.32
2015-10-14,21.27
2015-10-15,21.38
2015-10-16,21.52
2015-10-19,21.42
2015-10-20,21.6
2015-10-21,21.58
2015-10-22,21.66
2015-10-23,21.81
2015-10-26,22.26
2015-10-27,22.16
2015-10-28,22.13
2015-10-29,21.97
2015-10-30,21.97
2015-11-02,22.24
2015-11-03,22.68
2015-11-04,23.18
2015-11-05,23.37
2015-11-06,23.06
2015-11-09,22.73
2015-11-10,22.76
2015-11-11,22.26
2015-11-12,22.38
2015-11-13,22.2
2015-11-16,22.1
2015-11-17,22.61
2015-11-18,22.56
2015-11-19,22.94
2015-11-20,23.0
2015-11-23,23.07
2015-11-24,22.64
2015-11-25,22.64
2015-11-26,22.83
2015-11-27,22.72
2015-11-30,22.55
2015-12-01,23.14
2015-12-02,23.32
2015-12-03,23.32
2015-12-04,23.42
2015-12-07,23.77
2015-12-08,23.36
2015-12-09,22.89
2015-12-10,22.79
2015-12-11,22.29
2015-12-14,21.91
2015-12-15,22.22
2015-12-16,22.42
2015-12-17,23.03
2015-12-18,22.97
2015-12-21,23.15
2015-12-22,23.11
2015-12-23,23.01
2015-12-24,22.9
2015-12-25,23.06
2015-12-28,22.97
2015-12-29,22.86
2015-12-30,22.77
2015-12-31,22.88
2016-01-04,22.54
2016-01-05,22.41
2016-01-06,21.94
2016-01-07,21.25
2016-01-08,21.63
2016-01-11,21.41
2016-01-12,20.91
2016-01-13,21.16
2016-01-14,20.82
2016-01-15,20.89
2016-01-18,21.39
2016-01-19,21.76
2016-01-20,21.09
2016-01-21,21.15
2016-01-22,21.3
2016-01-25,21.77
2016-01-26,21.9
2016-01-27,21.95
2016-01-28,22.44
2016-01-29,22.98
2016-01-30,23.49
2016-02-01,23.46
2016-02-02,23.44
2016-02-03,23.23
2016-02-15,23.24
2016-02-16,23.58
2016-02-17,23.58
2016-02-18,23.86
2016-02-19,23.93
2016-02-22,23.96
2016-02-23,24.08
2016-02-24,23.96
2016-02-25,24.07
2016-02-26,24.26
2016-03-01,24.76
2016-03-02,24.76
2016-03-03,24.6
2016-03-04,24.63
2016-03-07,24.66
2016-03-08,24.77
2016-03-09,24.75
2016-03-10,24.76
2016-03-11,25.12
2016-03-14,25.44
2016-03-15,24.99
2016-03-16,25.24
2016-03-17,25.15
2016-03-18,25.3
2016-03-21,25.55
2016-03-22,25.47
2016-03-23,25.44
2016-03-24,25.32
2016-03-25,25.29
2016-03-28,25.28
2016-03-29,24.86
2016-03-30,25.42
2016-03-31,25.51
2016-04-01,25.4
2016-04-06,25.45
2016-04-07,25.39
2016-04-08,25.39
2016-04-11,25.38
2016-04-12,25.01
2016-04-13,25.38
2016-04-14,25.47
2016-04-15,25.49
2016-04-18,25.42
2016-04-19,25.55
2016-04-20,25.31
2016-04-21,25.5
2016-04-22,25.29
2016-04-25,25.31
2016-04-26,25.43
2016-04-27,25.3
2016-04-28,25.22
2016-04-29,25.01
2016-05-03,24.84
2016-05-04,24.81
2016-05-05,25.04
2016-05-06,24.95
2016-05-09,24.85
2016-05-10,24.96
2016-05-11,24.95
2016-05-12,24.44
2016-05-13,24.35
2016-05-16,24.47
2016-05-17,24.77
2016-05-18,24.79
2016-05-19,24.62
2016-05-20,24.81
2016-05-23,25.53
2016-05-24,25.43
2016-05-25,25.55
2016-05-26,25.61
2016-05-27,25.69
2016-05-30,25.85
2016-05-31,26.01
2016-06-01,26.3
2016-06-02,26.03
2016-06-03,26.0
2016-06-04,26.03
2016-06-06,26.05
2016-06-07,26.25
2016-06-08,26.31
2016-06-13,25.91
2016-06-14,26.0
2016-06-15,26.05
2016-06-16,25.88
2016-06-17,26.02
2016-06-20,26.15
2016-06-21,26.32
2016-06-22,26.29
2016-06-23,26.11
2016-06-24,25.51
2016-06-27,25.62
2016-06-28,25.93
2016-06-29,26.27
2016-06-30,26.57
2016-07-01,26.7
2016-07-04,26.78
2016-07-05,26.7
2016-07-06,26.36
2016-07-07,26.45
2016-07-11,26.77
2016-07-12,26.94
2016-07-13,27.03
2016-07-14,27.11
2016-07-15,27.36
2016-07-18,27.44
2016-07-19,27.47
2016-07-20,27.45
2016-07-21,27.66
2016-07-22,27.74
2016-07-25,27.71
2016-07-26,28.0
2016-07-27,28.1
2016-07-28,28.2
2016-07-29,28.09
2016-08-01,28.28
2016-08-02,28.35
2016-08-03,28.36
2016-08-04,28.62
2016-08-05,28.7
2016-08-08,28.87
2016-08-09,28.65
2016-08-10,28.82
2016-08-11,28.66
2016-08-12,28.63
2016-08-15,28.82
2016-08-16,28.86
2016-08-17,28.82
2016-08-18,28.94
2016-08-19,28.76
2016-08-22,28.71
2016-08-23,28.82
2016-08-24,28.81
2016-08-25,29.03
2016-08-26,29.08
2016-08-29,29.03
2016-08-30,29.24
2016-08-31,29.17
2016-09-01,29.01
2016-09-02,28.71
2016-09-05,28.99
2016-09-06,29.2
2016-09-07,29.32
2016-09-08,29.4
2016-09-09,29.33
2016-09-10,28.89
2016-09-12,28.71
2016-09-13,28.71
2016-09-14,28.82
2016-09-19,29.35
2016-09-20,29.47
2016-09-21,29.56
2016-09-22,29.59
2016-09-23,29.67
2016-09-26,29.43
2016-09-29,29.48
2016-09-30,29.41
2016-10-03,29.6
2016-10-04,29.73
2016-10-05,29.64
2016-10-06,29.68
2016-10-07,29.49
2016-10-11,29.09
2016-10-12,29.13
2016-10-13,29.07
2016-10-14,28.73
2016-10-17,28.77
2016-10-18,28.93
2016-10-19,28.96
2016-10-20,29.04
2016-10-21,29.08
2016-10-24,29.15
2016-10-25,29.11
2016-10-26,29.15
2016-10-27,29.03
2016-10-28,28.89
2016-10-31,28.8
2016-11-01,28.77
2016-11-02,28.08
2016-11-03,27.8
2016-11-04,27.77
2016-11-07,28.1
2016-11-08,27.96
2016-11-09,26.97
2016-11-10,27.88
2016-11-11,27.34
2016-11-14,27.26
2016-11-15,27.25
2016-11-16,27.31
2016-11-17,27.37
2016-11-18,27.66
2016-11-21,27.68
2016-11-22,27.92
2016-11-23,28.07
2016-11-24,27.93
2016-11-25,27.97
2016-11-28,28.09
2016-11-29,28.12
2016-11-30,28.16
2016-12-01,28.14
2016-12-02,27.86
2016-12-05,27.89
2016-12-06,28.18
2016-12-07,28.35
2016-12-08,28.57
2016-12-09,28.67
2016-12-12,28.49
2016-12-13,28.61
2016-12-14,28.75
2016-12-15,28.78
2016-12-16,28.93
2016-12-19,28.65
2016-12-20,28.6
2016-12-21,28.6
2016-12-22,28.46
2016-12-23,28.44
2016-12-26,28.51
2016-12-27,28.51
2016-12-28,28.82
2016-12-29,28.8
2016-12-30,29.01
2017-01-03,29.14
2017-01-04,29.23
2017-01-05,29.54
2017-01-06,29.64
2017-01-09,29.41
2017-01-10,29.51
2017-01-11,29.6
2017-01-12,29.75
2017-01-13,29.67
2017-01-16,29.47
2017-01-17,29.68
2017-01-18,29.76
2017-01-19,29.71
2017-01-20,29.82
2017-01-23,29.91
2017-01-24,29.98
2017-02-02,30.03
2017-02-03,30.25
2017-02-06,30.56
2017-02-07,30.6
2017-02-08,30.8
2017-02-09,30.99
2017-02-10,31.06
2017-02-13,31.35
2017-02-14,31.46
2017-02-15,31.57
2017-02-16,31.44
2017-02-17,31.34
2017-02-18,31.45
2017-02-20,31.35
2017-02-21,31.27
2017-02-22,31.38
2017-02-23,31.51
2017-02-24,31.39
2017-03-01,31.13
2017-03-02,31.11
2017-03-03,31.08
2017-03-06,31.14
2017-03-07,31.18
2017-03-08,31.23
2017-03-09,31.05
2017-03-10,30.98
2017-03-13,31.24
2017-03-14,31.33
2017-03-15,31.3
2017-03-16,31.42
2017-03-17,31.69
2017-03-20,31.71
2017-03-21,31.79
2017-03-22,31.65
2017-03-23,31.82
2017-03-24,31.7
2017-03-27,31.67
2017-03-28,31.59
2017-03-29,31.77
2017-03-30,31.92
2017-03-31,31.9
2017-04-05,31.99
2017-04-06,31.96
2017-04-07,32.08
2017-04-10,31.98
2017-04-11,31.48
2017-04-12,31.3
2017-04-13,31.21
2017-04-14,30.83
2017-04-17,30.95
2017-04-18,31.18
2017-04-19,31.06
2017-04-20,30.95
2017-04-21,31.13
2017-04-24,31.02
2017-04-25,31.37
2017-04-26,31.7
2017-04-27,31.78
2017-04-28,31.89
2017-05-02,31.93
2017-05-03,31.76
2017-05-04,31.78
2017-05-05,31.61
2017-05-08,31.42
2017-05-09,31.24
2017-05-10,31.63
2017-05-11,31.58
2017-05-12,31.51
2017-05-15,31.8
2017-05-16,31.65
2017-05-17,31.67
2017-05-18,31.66
2017-05-19,31.68
2017-05-22,31.77
2017-05-23,31.83
2017-05-24,32.03
2017-05-25,32.14
2017-05-26,32.02
2017-05-31,31.97
2017-06-01,32.26
2017-06-02,32.62
2017-06-03,32.71
2017-06-05,32.93
2017-06-06,33.11
2017-06-07,32.92
2017-06-08,33.08
2017-06-09,32.95
2017-06-12,32.83
2017-06-13,32.73
2017-06-14,32.26
2017-06-15,32.3
2017-06-16,32.56
2017-06-19,32.88
2017-06-20,32.96
2017-06-21,33.09
2017-06-22,33.31
2017-06-23,33.26
2017-06-26,33.5
2017-06-27,33.45
2017-06-28,33.11
2017-06-29,33.23
2017-06-30,33.26
2017-07-03,33.24
2017-07-04,33.14
2017-07-05,33.22
2017-07-06,33.48
2017-07-07,33.34
2017-07-10,33.27
2017-07-11,33.48
2017-07-12,33.8
2017-07-13,33.99
2017-07-14,34.04
2017-07-17,34.1
2017-07-18,34.38
2017-07-19,34.57
2017-07-20,34.65
2017-07-21,34.65
2017-07-24,34.82
2017-07-25,35.06
2017-07-26,35.28
2017-07-27,35.53
2017-07-28,35.01
2017-07-31,35.13
2017-08-01,35.34
2017-08-02,35.69
2017-08-03,35.6
2017-08-04,35.89
2017-08-07,36.04
2017-08-08,35.92
2017-08-09,35.43
2017-08-10,34.81
2017-08-11,35.03
2017-08-14,34.37
2017-08-15,34.83
2017-08-16,34.84
2017-08-17,35.16
2017-08-18,34.92
2017-08-21,35.09
2017-08-22,35.22
2017-08-23,35.29
2017-08-24,35.7
2017-08-25,35.78
2017-08-28,35.84
2017-08-29,35.79
2017-08-30,36.01
2017-08-31,36.18
2017-09-01,36.33
2017-09-04,36.36
2017-09-05,36.95
2017-09-06,36.87
2017-09-07,36.74
2017-09-08,37.15
2017-09-11,37.22
2017-09-12,37.31
2017-09-13,37.26
2017-09-14,37.72
2017-09-15,37.88
2017-09-18,38.1
2017-09-19,38.12
2017-09-20,38.16
2017-09-21,38.69
2017-09-22,38.27
2017-09-25,37.68
2017-09-26,36.88
2017-09-27,37.75
2017-09-28,37.94
2017-09-29,37.81
2017-09-30,38.45
2017-10-02,39.2
2017-10-03,39.14
2017-10-05,39.4
2017-10-06,39.12
2017-10-11,39.31
2017-10-12,39.73
2017-10-13,39.85
2017-10-16,39.96
2017-10-17,39.82
2017-10-18,39.71
2017-10-19,40.07
2017-10-20,40.24
2017-10-23,40.58
2017-10-24,40.77
2017-10-25,40.6
2017-10-26,40.88
2017-10-27,40.33
2017-10-30,40.34
2017-10-31,41.02
2017-11-01,41.4
2017-11-02,41.35
2017-11-03,41.37
2017-11-06,41.24
2017-11-07,41.1
2017-11-08,41.56
2017-11-09,41.12
2017-11-10,41.33
2017-11-13,40.83
2017-11-14,41.05
2017-11-15,41.03
2017-11-16,40.93
2017-11-17,41.51
2017-11-20,41.41
2017-11-21,41.61
2017-11-22,41.55
2017-11-23,41.76
2017-11-24,41.91
2017-11-27,41.85
2017-11-28,41.83
2017-11-29,42.17
2017-11-30,41.68
2017-12-01,41.33
2017-12-04,41.31
2017-12-05,40.83
2017-12-06,39.57
2017-12-07,39.1
2017-12-08,40.04
2017-12-11,40.76
2017-12-12,40.55
2017-12-13,40.77
2017-12-14,40.91
2017-12-15,40.57
2017-12-18,40.65
2017-12-19,40.69
2017-12-20,41.05
2017-12-21,40.99
2017-12-22,40.88
2017-12-25,40.76
2017-12-26,39.73
2017-12-27,40.07
2017-12-28,40.68
2017-12-29,40.93
2018-01-02,41.25
2018-01-03,41.8
2018-01-04,42.42
2018-01-05,42.22
2018-01-08,42.15
2018-01-09,41.63
2018-01-10,41.12
2018-01-11,41.12
2018-01-12,41.68
2018-01-15,42.13
2018-01-16,42.51
2018-01-17,42.51
2018-01-18,42.47
2018-01-19,42.2
2018-01-22,42.38
2018-01-23,42.29
2018-01-24,42.79
2018-01-25,42.62
2018-01-26,43.13
2018-01-29,43.47
2018-01-30,43.09
2018-01-31,43.34
2018-02-01,42.89
2018-02-02,42.86
2018-02-05,42.23
2018-02-06,40.14
2018-02-07,41.14
2018-02-08,40.66
2018-02-09,40.27
2018-02-12,40.31
2018-02-21,42.12
2018-02-22,42.1
2018-02-23,42.36
2018-02-26,42.49
2018-02-27,42.66
2018-03-01,43.03
2018-03-02,42.97
2018-03-05,43.03
2018-03-06,43.3
2018-03-07,43.23
2018-03-08,43.95
2018-03-09,43.76
2018-03-12,44.3
2018-03-13,44.88
2018-03-14,44.77
2018-03-15,45.1
2018-03-16,44.9
2018-03-19,45.15
2018-03-20,45.07
2018-03-21,45.4
2018-03-22,45.35
2018-03-23,44.32
2018-03-26,44.46
2018-03-27,45.33
2018-03-28,44.91
2018-03-29,45.25
2018-03-30,45.47
2018-03-31,45.69
2018-04-02,45.45
2018-04-03,45.37
2018-04-09,45.2
2018-04-10,45.14
2018-04-11,45.13
2018-04-12,45.21
2018-04-13,45.42
2018-04-16,45.74
2018-04-17,44.93
2018-04-18,45.49
2018-04-19,45.93
2018-04-20,45.18
2018-04-23,44.53
2018-04-24,43.47
2018-04-25,42.96
2018-04-26,42.25
2018-04-27,42.94
2018-04-30,43.76
2018-05-02,44.02
2018-05-03,43.88
2018-05-04,43.77
2018-05-07,44.42
2018-05-08,44.58
2018-05-09,44.71
2018-05-10,45.2
2018-05-11,44.76
2018-05-14,45.6
2018-05-15,45.92
2018-05-16,45.73
2018-05-17,45.14
2018-05-18,45.05
2018-05-21,45.84
2018-05-22,46.23
2018-05-23,45.6
2018-05-24,46.3
2018-05-25,47.07
2018-05-28,47.86
2018-05-29,47.83
2018-05-30,47.76
2018-05-31,47.98
2018-06-01,48.5
2018-06-04,49.16
2018-06-05,48.87
2018-06-06,49.61
2018-06-07,50.15
2018-06-08,49.6
2018-06-11,49.56
2018-06-12,49.56
2018-06-13,49.41
2018-06-14,49.08
2018-06-15,49.56
2018-06-19,48.48
2018-06-20,48.17
2018-06-21,48.31
2018-06-22,47.48
2018-06-25,47.41
2018-06-26,47.67
2018-06-27,47.61
2018-06-28,47.71
2018-06-29,48.77
2018-07-02,49.39
2018-07-03,48.94
2018-07-04,49.05
2018-07-05,48.04
2018-07-06,47.92
2018-07-09,48.3
2018-07-10,49.16
2018-07-11,48.52
2018-07-12,49.64
2018-07-13,50.46
2018-07-16,50.24
2018-07-17,50.14
2018-07-18,49.83
2018-07-19,49.63
2018-07-20,49.37
2018-07-23,49.13
2018-07-24,50.03
2018-07-25,50.31
2018-07-26,50.43
2018-07-27,50.86
2018-07-30,49.55
2018-07-31,49.03
2018-08-01,49.46
2018-08-02,48.19
2018-08-03,48.59
2018-08-06,48.71
2018-08-07,49.14
2018-08-08,49.03
2018-08-09,48.72
2018-08-10,47.99
2018-08-13,46.36
2018-08-14,46.96
2018-08-15,46.11
2018-08-16,46.45
2018-08-17,46.16
2018-08-20,45.95
2018-08-21,46.51
2018-08-22,46.27
2018-08-23,46.3
2018-08-24,46.26
2018-08-27,47.25
2018-08-28,47.39
2018-08-29,48.24
2018-08-30,48.32
2018-08-31,48.79
2018-09-03,47.63
2018-09-04,47.86
2018-09-05,48.03
2018-09-06,47.82
2018-09-07,46.95
2018-09-10,45.65
2018-09-11,45.68
2018-09-12,44.74
2018-09-13,44.59
2018-09-14,45.55
2018-09-17,45.58
2018-09-18,45.02
2018-09-19,45.12
2018-09-20,44.43
2018-09-21,44.71
2018-09-25,44.98
2018-09-26,44.69
2018-09-27,44.46
2018-09-28,44.37
2018-10-01,44.99
2018-10-02,44.76
2018-10-03,44.04
2018-10-04,43.52
2018-10-05,41.78
2018-10-08,41.36
2018-10-09,40.55
2018-10-11,37.33
2018-10-12,38.13
2018-10-15,38.28
2018-10-16,38.57
2018-10-17,38.87
2018-10-18,38.69
2018-10-19,38.44
2018-10-22,38.86
2018-10-23,38.07
2018-10-24,37.97
2018-10-25,36.68
2018-10-26,36.09
2018-10-29,36.29
2018-10-30,36.61
2018-10-31,38.14
2018-11-01,38.84
2018-11-02,39.57
2018-11-05,39.59
2018-11-06,38.72
2018-11-07,39.23
2018-11-08,39.26
2018-11-09,39.28
2018-11-12,39.11
2018-11-13,39.08
2018-11-14,38.88
2018-11-15,38.93
2018-11-16,39.05
2018-11-19,39.63
2018-11-20,39.38
2018-11-21,39.65
2018-11-22,39.4
2018-11-23,39.01
2018-11-26,39.38
2018-11-27,40.07
2018-11-28,40.85
2018-11-29,41.29
2018-11-30,41.56
2018-12-03,43.0
2018-12-04,42.54
2018-12-05,41.76
2018-12-06,40.58
2018-12-07,40.71
2018-12-10,39.99
2018-12-11,40.45
2018-12-12,41.12
2018-12-13,41.14
2018-12-14,41.06
2018-12-17,40.85
2018-12-18,40.61
2018-12-19,40.58
2018-12-20,40.24
2018-12-21,40.45
2018-12-22,40.32
2018-12-24,40.68
2018-12-25,40.66
2018-12-26,40.34
2018-12-27,40.93
2018-12-28,41.05
2019-01-02,41.07
2019-01-03,40.81
2019-01-04,40.23
2019-01-07,40.73
2019-01-08,40.74
2019-01-09,40.99
2019-01-10,41.05
2019-01-11,41.53
2019-01-14,41.59
2019-01-15,42.14
2019-01-16,42.71
2019-01-17,42.3
2019-01-18,42.71
2019-01-21,43.1
2019-01-22,42.98
2019-01-23,43.12
2019-01-24,43.26
2019-01-25,43.49
2019-01-28,43.58
2019-01-29,43.39
2019-01-30,43.45
2019-02-11,44.23
2019-02-12,44.42
2019-02-13,44.35
2019-02-14,44.59
2019-02-15,44.35
2019-02-18,44.79
2019-02-19,45.53
2019-02-20,46.3
2019-02-21,46.55
2019-02-22,46.2
2019-02-25,46.86
2019-02-26,46.52
2019-02-27,46.53
2019-03-04,46.88
2019-03-05,46.73
2019-03-06,46.78
2019-03-07,46.18
2019-03-08,46.13
2019-03-11,45.95
2019-03-12,46.29
2019-03-13,46.48
2019-03-14,46.46
2019-03-15,46.93
2019-03-18,47.27
2019-03-19,47.44
2019-03-20,47.43
2019-03-21,47.86
2019-03-22,48.04
2019-03-25,47.58
2019-03-26,47.9
2019-03-27,47.79
2019-03-28,47.82
2019-03-29,48.23
2019-04-01,48.2
2019-04-02,49.07
2019-04-03,49.0
2019-04-08,49.28
2019-04-09,49.55
2019-04-10,49.75
2019-04-11,49.49
2019-04-12,48.81
2019-04-15,49.3
2019-04-16,49.89
2019-04-17,49.75
2019-04-18,49.76
2019-04-19,50.37
2019-04-22,50.41
2019-04-23,50.49
2019-04-24,50.81
2019-04-25,50.96
2019-04-26,49.87
2019-04-29,49.33
2019-04-30,49.92
2019-05-02,50.12
2019-05-03,50.91
2019-05-06,49.41
2019-05-07,50.33
2019-05-08,50.15
2019-05-09,49.08
2019-05-10,48.84
2019-05-13,47.89
2019-05-14,47.7
2019-05-15,48.01
2019-05-16,47.14
2019-05-17,46.08
2019-05-20,45.45
2019-05-21,46.12
2019-05-22,46.53
2019-05-23,45.96
2019-05-24,46.23
2019-05-27,45.64
2019-05-28,45.94
2019-05-29,45.71
2019-05-30,46.28
2019-05-31,46.68
2019-06-03,46.37
2019-06-04,46.32
2019-06-05,46.41
2019-06-06,46.46
2019-06-10,47.04
2019-06-11,47.4
2019-06-12,47.65
2019-06-13,47.46
2019-06-14,47.12
2019-06-17,47.07
2019-06-18,46.88
2019-06-19,47.83
2019-06-20,48.68
2019-06-21,48.65
2019-06-24,49.19
2019-06-25,48.99
2019-06-26,49.33
2019-06-27,49.77
2019-06-28,49.8
2019-07-01,50.81
2019-07-02,50.82
2019-07-03,50.37
2019-07-04,50.74
2019-07-05,51.09
2019-07-08,50.89
2019-07-09,51.05
2019-07-10,51.43
2019-07-11,52.19
2019-07-12,52.15
2019-07-15,52.5
2019-07-16,52.47
2019-07-17,52.48
2019-07-18,52.32
2019-07-19,52.89
2019-07-22,53.22
2019-07-23,53.03
2019-07-24,53.68
2019-07-25,53.85
2019-07-26,54.07
2019-07-29,53.88
2019-07-30,52.77
2019-07-31,53.55
2019-08-01,53.44
2019-08-02,52.71
2019-08-05,51.28
2019-08-06,51.35
2019-08-07,51.33
2019-08-08,52.85
2019-08-12,52.91
2019-08-13,52.81
2019-08-14,53.37
2019-08-15,53.28
2019-08-16,53.87
2019-08-19,54.82
2019-08-20,55.26
2019-08-21,56.18
2019-08-22,55.87
2019-08-23,55.58
2019-08-26,54.67
2019-08-27,55.02
2019-08-28,55.36
2019-08-29,55.36
2019-08-30,55.65
2019-09-02,56.76
2019-09-03,56.51
2019-09-04,57.14
2019-09-05,56.75
2019-09-06,56.36
2019-09-09,55.93
2019-09-10,55.54
2019-09-11,55.57
2019-09-12,56.02
2019-09-16,55.59
2019-09-17,55.61
2019-09-18,55.55
2019-09-19,56.43
2019-09-20,56.82
2019-09-23,57.12
2019-09-24,56.33
2019-09-25,56.2
2019-09-26,56.09
2019-09-27,55.34
2019-10-01,55.72
2019-10-02,56.71
2019-10-03,57.21
2019-10-04,57.69
2019-10-07,57.53
2019-10-08,57.28
2019-10-09,57.2
2019-10-14,58.0
2019-10-15,58.22
2019-10-16,57.91
2019-10-17,58.59
2019-10-18,58.57
2019-10-21,58.8
2019-10-22,59.35
2019-10-23,59.18
2019-10-24,59.98
2019-10-25,59.43
2019-10-28,59.82
2019-10-29,59.41
2019-10-30,59.69
2019-10-31,59.32
2019-11-01,59.93
2019-11-04,60.2
2019-11-05,60.55
2019-11-06,59.85
2019-11-07,59.0
2019-11-08,58.83
2019-11-11,57.9
2019-11-12,58.76
2019-11-13,58.9
2019-11-14,59.08
2019-11-15,59.36
2019-11-18,59.92
2019-11-19,60.16
2019-11-20,59.71
2019-11-21,59.96
2019-11-22,59.81
2019-11-25,60.27
2019-11-26,61.12
2019-11-27,61.44
2019-11-28,61.75
2019-11-29,60.83
2019-12-02,60.18
2019-12-03,60.84
2019-12-04,60.81
2019-12-05,61.49
2019-12-06,61.9
2019-12-09,62.25
2019-12-10,62.46
2019-12-11,63.22
2019-12-12,63.08
2019-12-13,62.59
2019-12-16,63.37
2019-12-17,63.42
2019-12-18,63.4
2019-12-19,63.33
2019-12-20,63.6
2019-12-23,63.28
2019-12-24,63.24
2019-12-25,63.91
2019-12-26,63.85
2019-12-27,64.19
2019-12-30,63.98
2019-12-31,64.15
2020-01-02,65.18
2020-01-03,64.24
2020-01-06,63.56
2020-01-07,62.98
2020-01-08,62.88
2020-01-09,63.71
2020-01-10,63.73
2020-01-13,64.9
2020-01-14,65.42
2020-01-15,65.3
2020-01-16,66.22
2020-01-17,66.08
2020-01-20,66.23
2020-01-30,62.33
2020-01-31,62.1
2020-02-03,61.11
2020-02-04,62.44
2020-02-05,62.66
2020-02-06,63.8
2020-02-07,62.66
2020-02-10,62.2
2020-02-11,63.35
2020-02-12,64.36
2020-02-13,64.64
2020-02-14,65.36
2020-02-17,65.15
2020-02-18,64.87
2020-02-19,64.98
2020-02-20,65.15
2020-02-21,64.89
2020-02-24,64.65
2020-02-25,64.7
2020-02-26,64.68
2020-02-27,63.11
2020-03-02,62.83
2020-03-03,64.19
2020-03-04,63.95
2020-03-05,65.09
2020-03-06,64.5
2020-03-09,61.83
2020-03-10,62.34
2020-03-11,60.8
2020-03-12,55.67
2020-03-13,52.25
2020-03-16,49.53
2020-03-17,47.58
2020-03-18,46.25
2020-03-19,42.61
2020-03-20,45.55
2020-03-23,44.37
2020-03-24,46.74
2020-03-25,49.12
2020-03-26,50.32
2020-03-27,50.16
2020-03-30,50.23
2020-03-31,50.54
2020-04-01,51.11
2020-04-06,51.81
2020-04-07,52.94
2020-04-08,54.28
2020-04-09,54.03
2020-04-10,54.19
2020-04-13,53.71
2020-04-14,55.1
2020-04-15,55.61
2020-04-16,55.67
2020-04-17,55.88
2020-04-20,56.26
2020-04-21,54.91
2020-04-22,55.4
2020-04-23,55.97
2020-04-24,55.7
2020-04-27,56.81
2020-04-28,57.17
2020-04-29,57.72
2020-04-30,58.49
2020-05-04,58.09
2020-05-05,58.49
2020-05-06,58.7
2020-05-07,59.34
2020-05-08,59.37
2020-05-11,59.66
2020-05-12,59.57
2020-05-13,59.8
2020-05-14,58.86
2020-05-15,59.41
2020-05-18,58.73
2020-05-19,60.3
2020-05-20,61.14
2020-05-21,61.95
2020-05-22,60.87
2020-05-25,62.19
2020-05-26,62.19
2020-05-27,61.91
2020-05-28,61.94
2020-05-29,62.19
2020-06-01,63.31
2020-06-02,63.13
2020-06-03,63.92
2020-06-04,64.29
2020-06-05,64.64
2020-06-08,64.79
2020-06-09,65.24
2020-06-10,65.77
2020-06-11,64.99
2020-06-12,64.88
2020-06-15,63.96
2020-06-16,65.25
2020-06-17,65.09
2020-06-18,66.52
2020-06-19,66.11
2020-06-22,66.99
2020-06-23,67.37
2020-06-24,68.72
2020-06-29,67.48
2020-06-30,67.69
2020-07-01,68.89
2020-07-02,70.03
2020-07-03,70.62
2020-07-06,72.4
2020-07-07,71.63
2020-07-08,72.41
2020-07-09,72.35
2020-07-10,70.54
2020-07-13,71.67
2020-07-14,71.23
2020-07-15,70.68
2020-07-16,71.36
2020-07-17,70.25
2020-07-20,70.89
2020-07-21,72.79
2020-07-22,73.83
2020-07-23,75.0
2020-07-24,73.35
2020-07-27,74.46
2020-07-28,73.26
2020-07-29,74.27
2020-07-30,75.34
2020-07-31,76.24
2020-08-03,76.01
2020-08-04,77.75
2020-08-05,79.49
2020-08-06,79.92
2020-08-07,79.29
2020-08-10,78.32
2020-08-11,77.5
2020-08-12,77.59
2020-08-13,77.23
2020-08-14,78.06
2020-08-17,78.89
2020-08-18,77.85
2020-08-19,76.99
2020-08-20,72.91
2020-08-21,74.95
2020-08-24,75.49
2020-08-25,76.39
2020-08-26,77.08
2020-08-27,76.24
2020-08-28,75.88
2020-08-31,74.66
2020-09-01,75.83
2020-09-02,75.92
2020-09-03,75.75
2020-09-04,75.42
2020-09-07,73.45
2020-09-08,73.66
2020-09-09,73.46
2020-09-10,73.22
2020-09-11,73.4
2020-09-14,75.02
2020-09-15,75.6
2020-09-16,76.81
2020-09-17,76.76
2020-09-18,76.9
2020-09-21,75.95
2020-09-22,75.1
2020-09-23,75.14
2020-09-24,73.29
2020-09-25,71.3
2020-09-28,73.03
2020-09-29,72.92
2020-09-30,73.68
2020-10-05,74.27
2020-10-06,75.6
2020-10-07,76.05
2020-10-08,76.76
2020-10-12,76.24
2020-10-13,76.89
2020-10-14,76.6
2020-10-15,76.72
2020-10-16,75.38
2020-10-19,76.42
2020-10-20,77.13
2020-10-21,77.5
2020-10-22,77.4
2020-10-23,77.91
2020-10-26,76.6
2020-10-27,76.99
2020-10-28,75.89
2020-10-29,75.4
2020-10-30,74.03
2020-11-02,73.45
2020-11-03,74.35
2020-11-04,75.24
2020-11-05,76.01
2020-11-06,76.92
2020-11-09,78.14
2020-11-10,77.06
2020-11-11,77.51
2020-11-12,77.66
2020-11-13,77.86
2020-11-16,79.13
2020-11-17,78.95
2020-11-18,79.66
2020-11-19,79.57
2020-11-20,79.8
2020-11-23,81.11
2020-11-24,80.97
2020-11-25,80.03
2020-11-26,81.17
2020-11-27,81.84
2020-11-30,81.65
2020-12-01,83.0
2020-12-02,84.56
2020-12-03,84.56
2020-12-04,86.22
2020-12-07,86.03
2020-12-08,86.36
2020-12-09,88.12
2020-12-10,87.42
2020-12-11,87.17
2020-12-14,87.37
2020-12-15,85.03
2020-12-16,86.87
2020-12-17,86.83
2020-12-18,86.1
2020-12-21,86.09
2020-12-22,84.39
2020-12-23,85.68
2020-12-24,85.92
2020-12-25,86.7
2020-12-28,88.3
2020-12-29,87.78
2020-12-30,88.1
2020-12-31,87.91
2021-01-04,89.06
2021-01-05,88.9
2021-01-06,87.82
2021-01-07,88.76
2021-01-08,89.64
2021-01-11,91.11
2021-01-12,89.77
2021-01-13,92.62
2021-01-14,93.22
2021-01-15,92.03
2021-01-18,91.93
2021-01-19,92.62
2021-01-20,89.67
2021-01-21,91.72
2021-01-22,94.49
2021-01-25,93.9
2021-01-26,91.54
2021-01-27,92.21
2021-01-28,90.21
2021-01-29,89.02
2021-02-01,90.47
2021-02-02,92.83
2021-02-03,93.37
2021-02-04,92.62
2021-02-05,93.47
2021-02-17,97.48
2021-02-18,98.89
2021-02-19,99.57
2021-02-22,101.33
2021-02-23,100.86
2021-02-24,99.66
2021-02-25,101.18
2021-02-26,98.8
2021-03-02,97.83
2021-03-03,98.36
2021-03-04,96.99
2021-03-05,95.93
2021-03-08,94.8
2021-03-09,93.36
2021-03-10,93.92
2021-03-11,96.54
2021-03-12,97.05
2021-03-15,97.5
2021-03-16,98.1
2021-03-17,98.34
2021-03-18,98.77
2021-03-19,97.97
2021-03-22,98.85
2021-03-23,98.91
2021-03-24,99.41
2021-03-25,98.08
2021-03-26,100.13
2021-03-29,101.17
2021-03-30,101.92
2021-03-31,101.73
2021-04-01,102.0
2021-04-06,102.83
2021-04-07,104.87
2021-04-08,105.91
2021-04-09,105.26
2021-04-12,103.71
2021-04-13,101.14
2021-04-14,99.84
2021-04-15,101.76
2021-04-16,103.2
2021-04-19,103.32
2021-04-20,105.03
2021-04-21,105.63
2021-04-22,103.14
2021-04-23,106.02
2021-04-26,107.87
2021-04-27,108.8
2021-04-28,110.0
2021-04-29,110.72
2021-05-03,106.33
2021-05-04,103.83
2021-05-05,99.68
2021-05-06,99.53
2021-05-07,104.72
2021-05-10,101.38
2021-05-11,95.06
2021-05-12,90.21
2021-05-13,89.43
2021-05-14,90.27
2021-05-17,86.09
2021-05-18,91.54
2021-05-19,92.51
2021-05-20,90.2
2021-05-21,92.68
2021-05-24,94.89
2021-05-25,97.92
2021-05-26,97.34
2021-05-27,97.83
2021-05-28,99.31
2021-05-31,101.95
2021-06-01,102.11
2021-06-02,100.48
2021-06-03,101.83
2021-06-04,101.39
2021-06-07,102.02
2021-06-08,102.5
2021-06-09,102.73
2021-06-10,105.2
2021-06-11,105.56
2021-06-15,106.59
2021-06-16,105.53
2021-06-17,107.1
2021-06-18,108.05
2021-06-21,107.49
2021-06-22,106.96
2021-06-23,110.72
2021-06-24,111.38
2021-06-25,112.05
2021-06-28,110.11
2021-06-29,109.78
2021-06-30,110.29
2021-07-01,107.52
2021-07-02,110.43
2021-07-05,112.68
2021-07-06,111.26
2021-07-07,112.93
2021-07-08,114.54
2021-07-09,113.82
2021-07-12,117.55
2021-07-13,117.55
2021-07-14,117.42
2021-07-15,118.68
2021-07-16,118.77
2021-07-19,118.63
2021-07-20,115.69
2021-07-21,116.05
2021-07-22,119.66
2021-07-23,118.16
2021-07-26,120.62
2021-07-27,119.51
2021-07-28,114.43
2021-07-29,117.47
2021-07-30,118.29
2021-08-02,120.62
2021-08-03,120.7
2021-08-04,120.82
2021-08-05,121.66
2021-08-06,119.83
2021-08-09,116.47
2021-08-10,115.86
2021-08-11,113.63
2021-08-12,115.28
2021-08-13,111.29
2021-08-16,110.19
2021-08-17,106.99
2021-08-18,110.53
2021-08-19,108.24
2021-08-20,110.13
2021-08-23,114.57
2021-08-24,114.51
2021-08-25,116.73
2021-08-26,116.87
2021-08-27,117.2
2021-08-30,119.76
2021-08-31,120.45
2021-09-01,122.88
2021-09-02,121.39
2021-09-03,122.96
2021-09-06,122.59
2021-09-07,121.83
2021-09-08,118.3
2021-09-09,119.81
2021-09-10,124.43
2021-09-13,122.02
2021-09-14,123.14
2021-09-15,122.47
2021-09-16,122.41
2021-09-17,123.49
2021-09-22,121.94
2021-09-23,125.39
2021-09-24,126.87
2021-09-27,126.6
2021-09-28,125.19
2021-09-29,119.77
2021-09-30,122.68
2021-10-01,119.08
2021-10-04,116.56
2021-10-05,119.65
2021-10-06,117.68
2021-10-07,123.71
2021-10-08,125.17
2021-10-12,124.31
2021-10-13,120.11
2021-10-14,120.08
2021-10-15,122.75
2021-10-18,124.14
2021-10-19,127.05
2021-10-20,126.99
2021-10-21,128.97
2021-10-22,129.14
2021-10-25,129.66
2021-10-26,129.58
2021-10-27,134.72
2021-10-28,134.33
2021-10-29,135.56
2021-11-01,139.11
2021-11-02,137.23
2021-11-03,138.13
2021-11-04,137.91
2021-11-05,141.96
2021-11-08,139.42
2021-11-09,139.79
2021-11-10,140.62
2021-11-11,139.99
2021-11-12,140.73
2021-11-15,141.8
2021-11-16,142.01
2021-11-17,143.7
2021-11-18,143.81
2021-11-19,142.99
2021-11-22,143.74
2021-11-23,140.27
2021-11-24,139.6
2021-11-25,137.53
2021-11-26,134.71
2021-11-29,137.68
2021-11-30,138.94
2021-12-01,139.09
2021-12-02,139.02
2021-12-03,140.29
2021-12-06,138.9
2021-12-07,138.49
2021-12-08,141.04
2021-12-09,139.78
2021-12-10,138.97
2021-12-13,140.9
2021-12-14,135.71
2021-12-15,139.14
2021-12-16,142.42
2021-12-17,142.36
2021-12-20,139.71
2021-12-21,142.83
2021-12-22,145.17
2021-12-23,146.29
2021-12-24,146.27
2021-12-27,146.41
2021-12-28,146.58
2021-12-29,146.17
2021-12-30,147.67
2022-01-03,146.01
2022-01-04,144.73
2022-01-05,143.53
2022-01-06,141.36
2022-01-07,136.83
2022-01-10,138.42
2022-01-11,134.45
2022-01-12,134.33
2022-01-13,133.81
2022-01-14,134.03
2022-01-17,134.99
2022-01-18,135.75
2022-01-19,134.75
2022-01-20,135.69
2022-01-21,131.89
2022-01-24,132.8
2022-01-25,129.57
2022-01-26,129.95
2022-02-07,131.24
2022-02-08,133.09
2022-02-09,137.63
2022-02-10,139.23
2022-02-11,141.57
2022-02-14,136.24
2022-02-15,136.68
2022-02-16,140.75
2022-02-17,139.93
2022-02-18,141.23
2022-02-21,139.28
2022-02-22,135.59
2022-02-23,137.1
2022-02-24,133.25
2022-02-25,137.0
2022-03-01,142.09
2022-03-02,142.84
2022-03-03,143.59
2022-03-04,141.69
2022-03-07,134.79
2022-03-08,129.66
2022-03-09,131.4
2022-03-10,136.68
2022-03-11,136.17
2022-03-14,135.67
2022-03-15,127.99
2022-03-16,127.25
2022-03-17,134.43
2022-03-18,134.85
2022-03-21,136.13
2022-03-22,136.65
2022-03-23,138.82
2022-03-24,138.49
2022-03-25,137.96
2022-03-28,136.91
2022-03-29,138.14
2022-03-30,138.57
2022-03-31,137.82
2022-04-01,136.81
2022-04-06,135.4
2022-04-07,131.23
2022-04-08,130.06
2022-04-11,125.14
2022-04-12,123.9
2022-04-13,126.48
2022-04-14,125.97
2022-04-15,121.27
2022-04-18,122.02
2022-04-19,122.34
2022-04-20,123.57
2022-04-21,123.54
2022-04-22,119.11
2022-04-25,114.5
2022-04-26,113.32
2022-04-27,113.51
2022-04-28,115.05
2022-04-29,116.66
2022-05-03,118.02
2022-05-04,117.68
2022-05-05,121.11
2022-05-06,116.91
2022-05-09,113.75
2022-05-10,115.64
2022-05-11,115.66
2022-05-12,115.14
2022-05-13,117.23
2022-05-16,116.77
2022-05-17,119.96
2022-05-18,121.29
2022-05-19,120.81
2022-05-20,121.15
2022-05-23,120.09
2022-05-24,116.66
2022-05-25,117.96
2022-05-26,115.68
2022-05-27,117.79
2022-05-30,121.86
2022-05-31,123.26
2022-06-01,122.75
2022-06-02,121.3
2022-06-06,121.16
2022-06-07,120.4
2022-06-08,119.94
2022-06-09,119.86
2022-06-10,119.24
2022-06-13,116.21
2022-06-14,115.33
2022-06-15,114.66
2022-06-16,112.4
2022-06-17,110.55
2022-06-20,108.21
2022-06-21,110.1
2022-06-22,105.61
2022-06-23,105.41
2022-06-24,106.06
2022-06-27,109.08
2022-06-28,107.08
2022-06-29,106.46
2022-06-30,103.54
2022-07-01,99.42
2022-07-04,99.59
2022-07-05,99.84
2022-07-06,97.18
2022-07-07,100.65
2022-07-08,100.75
2022-07-11,99.45
2022-07-12,96.67
2022-07-13,97.87
2022-07-14,99.54
2022-07-15,101.23
2022-07-18,103.17
2022-07-19,102.02
2022-07-20,103.81
2022-07-21,106.29
2022-07-22,105.41
2022-07-25,105.07
2022-07-26,103.8
2022-07-27,104.39
2022-07-28,103.59
2022-07-29,104.28
2022-08-01,103.17
2022-08-02,102.31
2022-08-03,102.37
2022-08-04,102.32
2022-08-05,104.4
2022-08-08,104.29
2022-08-09,104.3
2022-08-10,103.13
2022-08-11,105.2
2022-08-12,106.41
2022-08-15,108.37
2022-08-16,108.04
2022-08-17,108.24
2022-08-18,109.19
2022-08-19,109.54
2022-08-22,107.75
2022-08-23,107.64
2022-08-24,107.38
2022-08-25,109.0
2022-08-26,109.05
2022-08-29,107.65
2022-08-30,107.7
2022-08-31,108.16
2022-09-01,106.12
2022-09-02,105.92
2022-09-05,104.89
2022-09-06,104.35
2022-09-07,103.48
2022-09-08,105.37
2022-09-12,106.68
2022-09-13,107.32
2022-09-14,106.7
2022-09-15,106.22
2022-09-16,104.62
2022-09-19,103.86
2022-09-20,104.7
2022-09-21,104.05
2022-09-22,104.13
2022-09-23,101.75
2022-09-26,98.45
2022-09-27,98.91
2022-09-28,95.61
2022-09-29,95.93
2022-09-30,96.6
2022-10-03,95.61
2022-10-04,98.7
2022-10-05,99.62
2022-10-06,101.0
2022-10-07,99.29
2022-10-11,94.18
2022-10-12,93.29
2022-10-13,91.84
2022-10-14,93.88
2022-10-17,93.07
2022-10-18,93.46
2022-10-19,92.79
2022-10-20,92.61
2022-10-21,91.0
2022-10-24,91.98
2022-10-25,90.61
2022-10-26,90.11
2022-10-27,93.28
2022-10-28,93.28
2022-10-31,93.86
2022-11-01,95.09
2022-11-02,96.12
2022-11-03,96.44
2022-11-04,97.0
2022-11-07,98.35
2022-11-08,98.32
2022-11-09,100.51
2022-11-10,100.35
2022-11-11,104.1
2022-11-14,104.93
2022-11-15,106.48
2022-11-16,107.85
2022-11-17,108.61
2022-11-18,108.17
2022-11-21,107.73
2022-11-22,107.94
2022-11-23,108.1
2022-11-24,110.2
2022-11-25,108.92
2022-11-28,108.43
2022-11-29,108.16
2022-11-30,109.26
2022-12-01,110.94
2022-12-02,111.2
2022-12-05,110.87
2022-12-06,109.37
2022-12-07,106.8
2022-12-08,107.12
2022-12-09,108.31
2022-12-12,107.29
2022-12-13,106.37
2022-12-14,109.06
2022-12-15,108.98
2022-12-16,107.19
2022-12-19,106.36
2022-12-20,102.61
2022-12-21,102.39
2022-12-22,103.3
2022-12-23,102.35
2022-12-26,101.32
2022-12-27,102.12
2022-12-28,99.58
2022-12-29,100.33
2022-12-30,100.26
2023-01-03,102.57
2023-01-04,102.57
2023-01-05,102.33
2023-01-06,103.64
2023-01-09,106.21
2023-01-10,106.74
2023-01-11,106.6
2023-01-12,105.82
2023-01-13,106.01
2023-01-16,106.34
2023-01-17,106.61
2023-01-30,110.12
2023-01-31,109.48
2023-02-01,111.35
2023-02-02,114.29
2023-02-03,114.94
2023-02-06,113.61
2023-02-07,113.9
2023-02-08,115.76
2023-02-09,114.98
2023-02-10,114.53
2023-02-13,113.61
2023-02-14,113.93
2023-02-15,113.53
2023-02-16,115.29
2023-02-17,114.0
2023-02-20,114.41
2023-02-21,115.88
2023-02-22,113.24
2023-02-23,116.07
2023-02-24,116.82
2023-03-01,118.71
2023-03-02,117.74
2023-03-03,117.48
2023-03-06,118.67
2023-03-07,118.83
2023-03-08,118.83
2023-03-09,119.51
2023-03-10,117.45
2023-03-13,117.29
2023-03-14,115.5
2023-03-15,116.92
2023-03-16,117.26
2023-03-17,120.28
2023-03-20,121.25
2023-03-21,121.55
2023-03-22,123.23
2023-03-23,124.16
2023-03-24,124.46
2023-03-27,124.29
2023-03-28,122.21
2023-03-29,120.58
2023-03-30,121.43
2023-03-31,122.41
2023-04-06,121.62
2023-04-07,122.33
2023-04-10,123.97
2023-04-11,125.71
2023-04-12,125.44
2023-04-13,123.35
2023-04-14,124.75
2023-04-17,125.19
2023-04-18,123.64
2023-04-19,122.74
2023-04-20,121.54
2023-04-21,118.79
2023-04-24,119.22
2023-04-25,114.5
2023-04-26,114.54
2023-04-27,115.57
2023-04-28,117.06
2023-05-02,119.75
2023-05-03,119.03
2023-05-04,119.29
2023-05-05,120.14
2023-05-08,120.45
2023-05-09,119.76
2023-05-10,119.61
2023-05-11,117.75
2023-05-12,118.62
2023-05-15,117.8
2023-05-16,119.36
2023-05-17,120.81
2023-05-18,122.39
2023-05-19,124.72
2023-05-22,123.48
2023-05-23,124.08
2023-05-24,123.19
2023-05-25,125.76
2023-05-26,128.58
2023-05-29,131.93
2023-05-30,131.91
2023-05-31,129.9
2023-06-01,130.24
2023-06-02,131.03
2023-06-05,131.54
2023-06-06,131.62
2023-06-07,133.86
2023-06-08,130.45
2023-06-09,133.7
2023-06-12,135.41
2023-06-13,140.38
2023-06-14,139.94
2023-06-15,143.04
2023-06-16,143.46
2023-06-19,143.3
2023-06-20,143.15
2023-06-21,142.52
2023-06-26,140.02
2023-06-27,136.62
2023-06-28,136.35
2023-06-29,138.56
2023-06-30,141.21
2023-07-03,145.03
2023-07-04,147.88
2023-07-05,146.28
2023-07-06,144.8
2023-07-07,142.65
2023-07-10,142.54
2023-07-11,145.22
2023-07-12,147.79
2023-07-13,150.22
2023-07-14,153.75
2023-07-17,151.89
2023-07-18,152.55
2023-07-19,152.1
2023-07-20,154.21
2023-07-21,158.04
2023-07-24,160.49
2023-07-25,159.44
2023-07-26,157.12
2023-07-27,156.7
2023-07-28,160.23
2023-07-31,153.73
2023-08-01,152.67
2023-08-02,145.87
2023-08-04,146.27
2023-08-07,152.51
2023-08-08,152.61
2023-08-09,151.8
2023-08-10,144.72
2023-08-11,146.86
2023-08-14,145.96
2023-08-15,150.19
2023-08-16,152.92
2023-08-17,155.33
2023-08-18,151.84
2023-08-21,152.66
2023-08-22,156.19
2023-08-23,157.31
2023-08-24,161.56
2023-08-25,155.63
2023-08-28,155.0
2023-08-29,157.38
2023-08-30,159.29
2023-08-31,158.96
2023-09-01,156.49
2023-09-04,157.95
2023-09-05,159.61
2023-09-06,160.96
2023-09-07,160.1
2023-09-08,157.69
2023-09-11,153.34
2023-09-12,153.7
2023-09-13,156.52
2023-09-14,160.88
2023-09-15,160.43
2023-09-18,157.81
2023-09-19,155.55
2023-09-20,153.25
2023-09-21,149.44
2023-09-22,153.82
2023-09-25,155.33
2023-09-26,154.16
2023-09-27,154.73
2023-09-28,156.98
2023-10-02,161.31
2023-10-03,160.13
2023-10-04,160.08
2023-10-05,162.38
2023-10-06,162.72
2023-10-11,162.59
2023-10-12,163.7
2023-10-13,162.93
2023-10-16,160.48
2023-10-17,159.58
2023-10-18,155.05
2023-10-19,157.16
2023-10-20,156.76
2023-10-23,154.04
2023-10-24,156.47
2023-10-25,157.14
2023-10-26,151.01
2023-10-27,152.06
2023-10-30,154.7
2023-10-31,149.53
2023-11-01,151.16
2023-11-02,156.17
2023-11-03,157.15
2023-11-06,160.1
2023-11-07,160.77
2023-11-08,162.17
2023-11-09,163.69
2023-11-10,162.68
2023-11-13,165.26
2023-11-14,165.78
2023-11-15,164.97
2023-11-16,164.86
2023-11-17,166.95
2023-11-20,167.4
2023-11-21,167.76
2023-11-22,167.17
2023-11-23,165.85
2023-11-24,165.43
2023-11-27,161.91
2023-11-28,165.78
2023-11-29,167.03
2023-11-30,167.77
2023-12-01,167.45
2023-12-04,166.19
2023-12-05,165.17
2023-12-06,165.7
2023-12-07,166.23
2023-12-08,168.09
2023-12-11,169.61
2023-12-12,169.99
2023-12-13,170.73
2023-12-14,169.94
2023-12-15,170.58
2023-12-18,169.62
2023-12-19,167.46
2023-12-20,167.79
2023-12-21,167.54
2023-12-22,169.26
2023-12-25,169.16
2023-12-26,171.2
2023-12-27,172.34
2023-12-28,172.16
2023-12-29,172.92
2024-01-02,169.89
2024-01-03,166.95
2024-01-04,165.43
2024-01-05,166.29
2024-01-08,166.88
2024-01-09,168.75
2024-01-10,169.52
2024-01-11,173.1
2024-01-12,172.31
2024-01-15,171.94
2024-01-16,172.57
2024-01-17,170.61
2024-01-18,170.21
2024-01-19,174.71
2024-01-22,179.71
2024-01-23,179.47
2024-01-24,177.35
2024-01-25,177.88
2024-01-26,177.33
2024-01-29,178.3
2024-01-30,182.31
2024-01-31,181.77
2024-02-01,182.91
2024-02-02,188.52
2024-02-05,188.8
2024-02-15,198.53
2024-02-16,193.67
2024-02-19,190.87
2024-02-20,191.96
2024-02-21,187.92
2024-02-22,191.02
2024-02-23,191.13
2024-02-26,192.14
2024-02-27,190.16
2024-02-29,193.52
2024-03-01,197.76
2024-03-04,199.88
2024-03-05,201.99
2024-03-06,203.66
2024-03-07,200.57
2024-03-08,196.31
2024-03-11,197.38
2024-03-12,198.67
2024-03-13,194.04
2024-03-14,193.53
2024-03-15,194.36
2024-03-18,197.85
2024-03-19,192.8
2024-03-20,190.59
2024-03-21,194.14
2024-03-22,196.41
2024-03-25,196.18
2024-03-26,192.1
2024-03-27,192.39
2024-03-28,193.16
2024-03-29,196.26
2024-04-01,196.93
2024-04-02,198.31
2024-04-03,199.57
2024-04-08,199.65
2024-04-09,198.13
2024-04-10,195.74
2024-04-11,195.0
2024-04-12,196.37
2024-04-15,191.33
2024-04-16,186.0
2024-04-17,190.23
2024-04-18,193.03
2024-04-19,183.49
2024-04-22,176.04
2024-04-23,178.54
2024-04-24,187.87
2024-04-25,183.03
2024-04-26,188.89
2024-04-29,192.28
2024-04-30,192.4
2024-05-02,192.61
2024-05-03,192.55
2024-05-06,191.43
2024-05-07,191.56
2024-05-08,192.6
2024-05-09,191.01
2024-05-10,189.12
2024-05-13,189.42
2024-05-14,193.8
2024-05-15,193.86
2024-05-16,196.94
2024-05-17,197.54
2024-05-20,195.61
2024-05-21,194.56
2024-05-22,198.03
2024-05-23,200.34
2024-05-24,203.24
2024-05-27,205.38
2024-05-28,208.42
2024-05-29,207.26
2024-05-30,203.83
2024-05-31,199.88
2024-06-03,202.83
2024-06-04,200.95
2024-06-05,203.22
2024-06-06,205.09
2024-06-07,204.96
2024-06-11,205.86
2024-06-12,209.69
2024-06-13,214.03
2024-06-14,218.63
2024-06-17,217.37
2024-06-18,218.58
2024-06-19,220.95
2024-06-20,224.12
2024-06-21,220.55
2024-06-24,214.59
2024-06-25,214.87
2024-06-26,219.66
2024-06-27,218.41
2024-06-28,221.98
2024-07-01,219.84
2024-07-02,218.46
2024-07-03,219.99
2024-07-04,222.39
2024-07-05,224.52
2024-07-08,224.89
2024-07-09,227.28
2024-07-10,228.41
2024-07-11,231.86
2024-07-12,225.68
2024-07-15,225.26
2024-07-16,225.11
2024-07-17,223.01
2024-07-18,215.39
2024-07-19,212.9
2024-07-22,204.74
2024-07-23,211.46
2024-07-26,203.36
2024-07-29,200.15
2024-07-30,204.98
2024-07-31,205.51
2024-08-01,209.23
2024-08-02,195.35
2024-08-05,181.35
2024-08-06,184.96
2024-08-07,194.82
2024-08-08,190.03
2024-08-09,196.06
2024-08-12,199.1
2024-08-13,200.89
2024-08-14,204.63
2024-08-15,206.07
2024-08-16,213.39
2024-08-19,215.37
2024-08-20,216.43
2024-08-21,213.69
2024-08-22,214.28
2024-08-23,217.72
2024-08-26,214.73
2024-08-27,216.98
2024-08-28,217.18
2024-08-29,217.49
2024-08-30,218.27
2024-09-02,214.45
2024-09-03,213.4
2024-09-04,203.25
2024-09-05,201.69
2024-09-06,202.83
2024-09-09,200.75
2024-09-10,197.57
2024-09-11,198.54
2024-09-12,207.49
2024-09-13,207.85
2024-09-16,206.61
2024-09-18,203.13
2024-09-19,208.37
2024-09-20,208.6
2024-09-23,208.61
2024-09-24,207.88
2024-09-25,213.43
2024-09-26,215.25
2024-09-27,214.35
2024-09-30,208.59
2024-10-01,211.59
2024-10-04,210.59
2024-10-07,215.81
2024-10-08,215.16
2024-10-09,216.54
2024-10-11,220.25
2024-10-14,220.61
2024-10-15,223.23
2024-10-16,220.26
2024-10-17,221.88
2024-10-18,221.05
2024-10-21,224.93
2024-10-22,227.71
2024-10-23,226.71
2024-10-24,222.34
2024-10-25,223.96
2024-10-28,220.22
2024-10-29,216.06
2024-10-30,218.3
2024-11-01,217.13
2024-11-04,220.29
2024-11-05,220.5
2024-11-06,223.67
2024-11-07,226.38
2024-11-08,227.47
2024-11-11,226.72
2024-11-12,220.69
2024-11-13,220.36
2024-11-14,219.16
2024-11-15,217.75
2024-11-18,211.82
2024-11-19,216.68
2024-11-20,217.13
2024-11-21,218.79
2024-11-22,219.86
2024-11-25,221.58
2024-11-26,217.3
2024-11-27,212.77
2024-11-28,211.03
2024-11-29,215.21
2024-12-02,218.8
2024-12-03,221.37
2024-12-04,227.67
2024-12-05,228.99
2024-12-06,227.17
2024-12-09,228.32
2024-12-10,226.07
2024-12-11,226.74
2024-12-12,227.6
2024-12-13,229.3
2024-12-16,227.08
2024-12-17,231.24
2024-12-18,230.24
2024-12-19,229.43
2024-12-20,226.37
2024-12-23,229.09
2024-12-24,227.08
2024-12-25,227.43
2024-12-26,228.82
2024-12-27,230.86
2024-12-30,227.81
2024-12-31,229.24
2025-01-02,222.17
2025-01-03,222.99
2025-01-06,228.6
2025-01-07,231.7
2025-01-08,229.44
2025-01-09,225.42
2025-01-10,223.96
2025-01-13,215.29
2025-01-14,218.61
2025-01-15,215.97
2025-01-16,222.6
2025-01-17,221.39
2025-01-20,227.06
2025-01-21,226.46
2025-01-22,227.99
2025-02-03,216.19
2025-02-04,216.13
2025-02-05,221.99
2025-02-06,223.22
2025-02-07,228.68
2025-02-10,225.7
2025-02-11,228.98
2025-02-12,226.85
2025-02-13,226.01
2025-02-14,224.59
2025-02-17,228.32
2025-02-18,230.44
2025-02-19,229.1
2025-02-20,227.27
2025-02-21,228.2
2025-02-24,225.63
2025-02-25,221.42
2025-02-26,223.82
2025-02-27,220.51
2025-03-03,215.89
2025-03-04,214.92
2025-03-05,218.59
2025-03-06,217.42
2025-03-07,211.98
2025-03-10,209.25
2025-03-11,204.48
2025-03-12,204.57
2025-03-13,204.09
2025-03-14,203.63
2025-03-17,205.23
2025-03-18,208.68
2025-03-19,203.65
2025-03-20,207.31
2025-03-21,207.41
2025-03-24,204.86
2025-03-25,206.44
2025-03-26,207.54
2025-03-27,203.74
2025-03-28,199.08
2025-03-31,187.62
2025-04-01,192.3
2025-04-02,192.14
2025-04-07,174.15
2025-04-08,161.65
2025-04-09,150.7
2025-04-10,163.75
2025-04-11,170.5
2025-04-14,173.98
2025-04-15,179.66
2025-04-16,174.87
2025-04-17,175.91
2025-04-18,176.54
2025-04-21,172.5
2025-04-22,168.07
2025-04-23,177.19
2025-04-24,177.45
2025-04-25,184.29
2025-04-28,183.98
2025-04-29,186.58
2025-04-30,183.88
2025-05-02,190.04
2025-05-05,188.71
2025-05-06,189.97
2025-05-07,188.09
2025-05-08,191.16
2025-05-09,194.36
2025-05-12,196.7
2025-05-13,198.18
2025-05-14,203.92
2025-05-15,203.37
2025-05-16,204.22
2025-05-19,198.01
2025-05-20,199.12
2025-05-21,203.6
2025-05-22,202.84
2025-05-23,201.33
2025-05-26,200.77
2025-05-27,199.54
2025-05-28,201.32
2025-05-29,204.8
2025-06-02,200.79
2025-06-03,203.64
2025-06-04,206.51
2025-06-05,207.12
2025-06-06,204.92
2025-06-09,207.28
2025-06-10,213.54
2025-06-11,217.13
2025-06-12,217.66
2025-06-13,217.7
2025-06-16,217.04
2025-06-17,217.39
2025-06-18,215.71
2025-06-19,213.42
2025-06-20,211.53
2025-06-23,211.21
2025-06-24,216.86
2025-06-25,220.49
2025-06-26,218.91
2025-06-27,219.62
2025-06-30,220.54
2025-07-01,222.56
2025-07-02,223.0
2025-07-03,226.4
2025-07-04,224.82
2025-07-07,221.1
2025-07-08,223.17
2025-07-09,227.43
2025-07-10,229.03
2025-07-11,227.58
2025-07-14,222.92
2025-07-15,227.64
2025-07-16,228.86
2025-07-17,228.64
2025-07-18,233.43
2025-07-21,229.79
2025-07-22,224.12
2025-07-23,225.65
2025-07-24,227.26
2025-07-25,227.43
2025-07-28,230.52
2025-07-29,229.32
2025-07-30,229.39
2025-07-31,236.88
2025-08-01,236.42
2025-08-04,232.12
2025-08-05,236.98
2025-08-06,236.79
2025-08-07,244.85
2025-08-08,250.31
2025-08-11,253.06
2025-08-12,253.66
2025-08-13,256.91
2025-08-14,257.51
2025-08-15,258.73
2025-08-18,265.52
2025-08-19,258.42
2025-08-20,243.82
2025-08-21,250.97
2025-08-22,249.28
2025-08-25,256.21
2025-08-26,259.3
2025-08-27,263.35
2025-08-28,261.26
2025-08-29,267.33
2025-09-01,259.09
2025-09-02,258.18
2025-09-03,260.07
2025-09-04,261.94
2025-09-05,271.56
2025-09-08,273.01
2025-09-09,278.87
2025-09-10,286.17
2025-09-11,285.91
2025-09-12,282.6
2025-09-15,276.36
2025-09-16,278.04
2025-09-17,275.11
2025-09-18,281.83
2025-09-19,280.63
2025-09-22,285.46
2025-09-23,286.94
2025-09-24,282.11
2025-09-25,277.75
2025-09-26,269.74
2025-09-30,281.65
2025-10-01,282.92
2025-10-02,288.83
2025-10-03,294.51
2025-10-07,295.11
2025-10-08,294.63
2025-10-09,299.23
2025-10-13,294.15
2025-10-14,288.72
2025-10-15,299.06
2025-10-16,302.69
2025-10-17,297.91
2025-10-20,302.58
2025-10-21,303.58
2025-10-22,301.68
2025-10-23,300.17
2025-10-27,310.79
2025-10-28,317.72
2025-10-29,320.54
2025-10-30,320.81
2025-10-31,327.67
2025-11-03,332.97
2025-11-04,325.76
2025-11-05,324.29
2025-11-06,331.98
2025-11-07,326.3
2025-11-10,335.04
2025-11-11,331.55
2025-11-12,333.75
2025-11-13,337.58
2025-11-14,330.16
2025-11-17,336.49
2025-11-18,323.49
2025-11-19,319.19
2025-11-20,333.0
2025-11-21,315.43
2025-11-24,321.14
2025-11-25,332.73
2025-11-26,335.79
2025-11-27,342.5
2025-11-28,351.12
2025-12-01,341.28
2025-12-02,339.85
2025-12-03,340.16
2025-12-04,339.41
2025-12-05,347.34
2025-12-08,350.91
2025-12-09,355.65
2025-12-10,359.58
2025-12-11,357.38
2025-12-12,364.08
2025-12-15,358.81
2025-12-16,346.45
2025-12-17,346.26
2025-12-18,345.18
2025-12-19,350.61
2025-12-22,358.02
2025-12-23,359.63
2025-12-24,369.28
2025-12-26,374.99
2025-12-29,378.21
2025-12-30,383.63
2025-12-31,387.53
2026-01-02,392.01
2026-01-05,396.43
2026-01-06,407.57
2026-01-07,404.45
2026-01-08,399.77
2026-01-09,394.57
2026-01-12,403.71
2026-01-13,402.74
2026-01-14,412.17
2026-01-15,409.86
2026-01-16,419.48
2026-01-19,426.77
2026-01-20,430.64
2026-01-21,416.7
2026-01-22,427.29
2026-01-23,435.48
2026-01-26,446.13
2026-01-27,454.79
2026-01-28,463.5
2026-01-29,456.65
2026-01-30,451.0
2026-02-02,441.5
2026-02-03,453.31
2026-02-04,460.86
2026-02-05,446.26
2026-02-06,437.83
2026-02-09,455.05
2026-02-10,459.82
2026-02-11,465.87
2026-02-23,466.6
2026-02-24,480.12
2026-02-25,487.29
2026-02-26,493.76
2026-03-02,485.27
2026-03-03,469.13
2026-03-04,443.4
2026-03-05,467.96
2026-03-06,472.35
2026-03-09,442.49
2026-03-10,464.05
2026-03-11,495.41
2026-03-12,498.94
2026-03-13,499.71
2026-03-16,502.63
2026-03-17,520.04
2026-03-18,537.26
2026-03-19,541.87
2026-03-20,538.85
2026-03-23,520.51
2026-03-24,511.07
2026-03-25,529.45
2026-03-26,525.49
2026-03-27,522.54
2026-03-30,512.53
2026-03-31,486.98
2026-04-01,519.19
2026-04-02,504.87
2026-04-07,517.43
2026-04-08,553.48
2026-04-09,562.12
2026-04-10,574.84
2026-04-13,578.09
2026-04-14,595.18
2026-04-15,608.83
2026-04-16,624.05
2026-04-17,629.02
2026-04-20,645.32
2026-04-21,660.81
2026-04-22,667.22
2026-04-23,659.05
2026-04-24,675.83
2026-04-27,676.59
2026-04-28,683.47
2026-04-29,682.93
2026-04-30,684.22
2026-05-04,722.31
2026-05-05,726.24
2026-05-06,738.39
2026-05-07,758.02
2026-05-08,733.81
2026-05-11,764.16
2026-05-12,772.49
2026-05-13,763.21
2026-05-14,781.76
2026-05-15,742.06
2026-05-18,743.48
2026-05-19,710.63
2026-05-20,702.51
2026-05-21,735.06
2026-05-22,759.2
2026-05-25,789.32
2026-05-26,791.68
2026-05-27,809.36
2026-05-28,782.69
2026-05-29,804.97
2026-06-01,813.86
2026-06-02,803.96
2026-06-03,814.95
2026-06-04,802.46
2026-06-05,783.29
2026-06-08,756.14
2026-06-09,788.0
2026-06-10,751.12
2026-06-11,761.79
2026-06-12,790.69
2026-06-15,822.59
2026-06-16,830.14
2026-06-17,834.36
2026-06-18,863.72
2026-06-22,880.59
2026-06-23,860.4
2026-06-24,861.27
2026-06-25,863.44
2026-06-26,807.82
2026-06-29,804.13
2026-06-30,833.51
2026-07-01,847.36
2026-07-02,857.17
2026-07-03,865.26
2026-07-06,828.0
2026-07-07,783.77
2026-07-08,783.5
2026-07-09,789.2
2026-07-13,768.38
2026-07-14,740.72
2026-07-15,767.49
2026-07-16,751.18
2026-07-17,687.61
