"公司代號","公司簡稱","財務結構-負債佔資產比率(%)","財務結構-長期資金佔固定資產比率(%)","償債能力-流動比率(%)","償債能力-速動比率(%)","償債能力-利息保障倍數(%)","經營能力-應收款項週轉率(次)","經營能力->應收款項收現日數","經營能力-存貨週轉率(次)","經營能力-平均售貨日數","經營能力-固定資產週轉率(次)","經營能力-總資產週轉率(次)","獲利能力-資產報酬率(%)","獲利能力-股東權益報酬率(%)","獲利能力-營業利益佔實收資本比率(%)","獲利能力-稅前純益佔實收資本比率(%)","獲利能力-純益率(%)","獲利能力-每股盈餘(元)","現金流量-現金流量比率(%)","現金流量-現金流量允當比率(%)","現金流量-現金再投<br>資比率(%)"
"1101","台泥",38.55,181.39,200.02,185.00,13.28,5.28,69.12,17.50,20.85,0.60,0.27,6.53,10.51,8.55,20.34,22.60,1.97,95.12,225.81,6.14
"1102","亞泥",27.46,2980.48,126.49,92.46,27.89,8.53,42.79,5.41,67.46,5.25,0.16,10.35,13.91,8.84,30.11,61.60,2.82,133.21,195.75,4.69
"1103","嘉泥",34.13,2895.09,131.19,130.70,363.95,7.09,51.48,45.58,8.00,5.74,0.17,1.90,2.13,2.54,4.22,8.12,0.44,13.90,64.42,1.80
"1104","環泥",31.18,341.71,165.21,104.50,14.78,3.99,91.47,5.90,61.86,0.98,0.23,4.56,6.62,0.22,13.92,18.00,1.27,34.77,77.38,2.48
"1108","幸福",39.78,227.68,108.27,79.27,5.40,4.93,74.03,5.95,61.34,2.11,0.58,3.44,5.08,10.69,5.32,5.20,0.55,25.16,119.50,4.09
"1109","信大",10.06,297.21,722.88,632.54,388.62,7.65,47.71,5.03,72.56,1.07,0.32,5.39,5.97,9.76,10.78,16.46,0.80,221.37,46.82,5.98
"1110","東泥",16.64,155.42,328.18,208.49,5381.70,7.62,47.90,3.32,109.93,0.39,0.22,3.03,3.62,5.61,6.15,13.76,0.49,65.76,51.31,1.27
"1201","味全",63.97,125.25,103.57,73.18,4.23,7.82,46.67,9.31,39.20,2.03,0.96,3.85,8.54,11.00,5.97,3.07,0.59,32.06,119.81,6.56
"1203","味王",36.90,249.87,84.59,54.14,-0.93,6.77,53.91,4.10,89.02,1.17,0.34,-1.12,-2.36,3.81,-2.21,-4.34,-0.37,10.49,564.62,2.09
"1210","大成",43.36,280.30,149.00,86.00,11.94,8.89,41.05,9.51,38.38,7.01,1.74,7.27,12.22,18.69,19.29,3.80,1.72,43.17,70.25,11.92
"1213","大飲",21.75,295.76,297.16,264.02,51.63,4.17,87.52,15.77,23.14,3.71,0.98,0.31,0.37,1.89,1.55,0.30,0.05,13.72,165.61,2.01
"1215","卜蜂",33.43,282.40,193.35,107.23,2.96,8.52,42.84,10.75,33.95,11.93,2.56,1.64,1.77,1.79,2.82,0.40,0.17,83.63,105.76,19.01
"1216","統一",42.68,462.92,143.05,92.63,5.08,8.85,41.24,11.41,31.98,2.71,0.53,3.21,4.91,3.83,6.25,5.18,0.63,86.51,95.06,4.72
"1217","愛之味",54.59,311.05,100.03,57.49,1.58,6.38,57.21,3.78,96.56,2.17,0.52,3.04,4.17,3.32,1.79,3.53,0.43,12.15,32.34,3.01
"1218","泰山",52.59,232.17,139.82,103.57,0.76,4.78,76.35,7.88,46.31,2.01,0.66,0.07,-1.51,2.49,-0.57,-1.06,-0.17,9.12,35.20,1.73
"1219","福壽",33.77,220.71,330.38,224.66,5.10,7.12,51.26,6.64,54.96,3.31,1.05,1.29,1.62,4.77,2.69,0.98,0.20,26.78,223.18,3.20
"1220","台榮",28.43,214.33,197.15,142.56,-50.39,3.90,93.58,8.86,41.19,2.88,0.96,-0.72,-2.05,-0.09,-1.94,-1.54,-0.19,33.62,144.59,4.54
"1225","福懋油",47.86,187.87,113.54,71.88,2.38,6.57,55.55,10.18,35.85,4.99,1.49,1.72,1.80,7.10,2.82,0.61,0.20,0.00,46.75,0.00
"1227","佳格",32.35,407.94,190.52,103.93,52.27,6.20,58.87,4.28,85.28,5.04,1.06,5.12,7.16,11.96,12.00,9.48,0.97,14.53,213.71,2.76
"1229","聯華",17.27,1253.36,133.94,64.44,22.04,5.52,66.12,3.33,109.60,2.48,0.18,7.57,9.02,1.74,14.49,40.34,1.40,110.88,79.37,6.47
"1231","聯華食",39.81,308.03,217.14,117.89,4.49,7.55,48.34,4.11,88.80,4.54,1.11,2.32,3.15,13.03,5.36,1.67,0.45,16.87,68.94,1.84
"1232","大統益",38.82,182.15,153.19,57.58,16.10,17.35,21.03,12.07,30.24,5.75,2.45,9.63,14.80,24.36,23.64,3.72,2.06,7.95,92.83,"NA"
"1233","天仁",33.86,123.82,141.59,85.47,9608.38,7.67,47.58,2.89,126.29,1.78,0.95,8.43,12.48,17.19,17.94,8.79,1.64,42.26,95.44,3.06
"1234","黑松",12.84,385.19,243.74,189.66,35889.00,7.70,47.40,10.57,34.53,1.33,0.32,0.92,1.09,3.37,2.68,2.90,0.18,87.10,85.91,1.77
"1235","興泰",32.08,436.48,270.53,189.83,8.83,2.78,131.29,9.86,37.01,6.87,1.23,3.43,4.40,12.08,8.64,2.43,0.65,8.81,36.96,1.84
"1236","宏亞",40.60,141.01,113.32,72.76,87.63,6.23,58.58,6.04,60.43,2.42,1.02,9.54,15.98,34.28,30.33,8.89,2.16,50.93,108.21,10.90
"1301","台塑",35.36,285.04,241.64,173.10,38.81,14.95,24.41,7.31,49.93,1.97,0.60,15.10,23.22,27.11,67.99,24.45,5.98,144.48,120.59,5.73
"1303","南亞",39.59,343.49,182.17,113.10,19.00,6.84,53.36,5.47,66.72,2.20,0.52,13.09,21.38,16.44,55.52,23.85,5.40,71.68,105.57,2.28
"1304","台聚",35.46,1162.47,342.51,294.50,8.69,16.11,22.65,6.70,54.47,8.39,0.59,4.86,6.72,6.37,9.24,7.37,0.93,32.23,34.63,-0.28
"1305","華夏",51.29,245.55,277.03,230.40,-10.13,7.02,51.99,8.64,42.24,2.70,0.76,-5.40,-11.55,5.49,-13.08,-7.51,-1.31,62.87,111.13,8.30
"1307","三芳",40.86,299.52,213.87,148.07,17.68,4.90,74.48,4.44,82.20,2.73,0.70,5.94,10.10,4.26,13.76,8.29,1.39,93.62,135.63,10.29
"1308","亞聚",14.81,808.56,407.84,352.65,381.00,15.50,23.54,8.57,42.59,8.51,0.90,6.45,7.74,12.26,16.88,7.15,1.28,88.90,127.17,3.87
"1309","台達化",43.46,354.93,526.78,378.23,2.25,8.19,44.56,8.28,44.08,5.89,1.37,1.39,1.66,5.02,2.38,0.67,0.23,29.70,19.39,1.80
"1310","台苯",34.42,583.63,123.43,96.28,-5.54,12.26,29.77,17.45,20.91,11.14,1.37,-2.76,-4.54,0.01,-4.10,-2.28,-0.57,9.75,163.40,0.27
"1312","國喬",51.49,227.89,113.13,76.01,244.11,9.19,39.71,14.02,26.03,2.68,0.97,2.96,4.48,1.17,3.92,2.02,0.40,35.80,358.90,4.39
"1313","聯成",24.10,668.90,246.70,158.20,26.30,8.50,42.94,6.20,58.87,3.60,0.50,5.20,6.80,6.00,11.00,10.70,0.92,88.90,233.40,3.30
"1314","中石化",58.78,149.70,150.11,95.84,2.79,9.46,38.58,10.58,34.49,1.29,0.68,3.93,7.13,19.44,8.33,4.01,0.71,112.69,270.76,9.26
"1315","達新",28.32,367.35,344.08,254.81,19.10,5.26,69.39,5.07,71.99,3.23,0.70,5.81,7.64,8.48,13.44,7.97,1.19,61.65,101.09,3.66
"1316","上曜",29.00,432.50,69.37,46.85,-7.22,3.69,98.91,4.45,82.02,1.14,0.32,-3.90,-6.14,-5.68,-5.41,-13.00,-0.68,20.10,855.07,4.09
"1319","東陽",36.09,213.13,125.83,99.47,35.35,4.55,80.21,14.05,25.97,1.75,0.64,10.19,15.64,20.78,29.55,15.02,2.80,55.42,82.88,2.49
"1321","大洋",26.58,319.12,189.75,111.33,177.46,11.35,32.15,7.09,51.48,4.61,1.09,10.60,14.89,7.27,20.41,9.49,2.19,81.90,171.50,7.01
"1323","永裕",44.53,186.89,136.19,98.71,2.11,3.85,94.80,7.25,50.34,1.78,0.69,1.57,1.75,4.85,1.80,1.41,0.22,36.34,64.81,4.92
"1324","地球",27.18,357.90,259.00,200.20,311.81,6.60,55.30,5.61,65.06,4.54,0.95,2.98,4.03,6.09,5.92,3.13,0.50,63.97,51.06,11.50
"1325","恆大",12.51,151.20,379.15,223.21,14.87,8.74,41.76,8.99,40.60,1.11,0.64,2.79,3.16,6.04,5.33,4.17,0.40,101.19,62.24,4.43
"1326","台化",33.67,246.47,184.11,104.33,22.71,12.30,29.67,6.40,57.03,1.96,0.67,18.00,26.97,28.96,74.28,24.94,7.43,112.80,118.91,4.51
"1402","遠東新",37.60,646.80,121.90,75.10,12.60,8.80,41.47,5.70,64.03,2.40,0.30,7.90,11.50,-0.60,20.30,21.90,2.04,37.20,74.80,0.70
"1409","新纖",49.52,218.61,120.00,70.07,1.41,7.65,47.71,6.15,59.34,2.17,0.71,0.86,0.53,-0.86,0.67,0.37,0.06,13.63,21.83,2.27
"1410","南染",18.87,168.94,787.92,731.01,-165.32,4.68,77.99,10.95,33.33,0.48,0.28,-1.97,-2.40,1.43,-2.03,-6.34,-0.27,130.74,152.44,2.32
"1413","宏洲",48.94,105.38,95.16,22.54,-11.21,13.45,27.13,3.63,100.55,1.54,0.94,-8.78,-17.94,-13.70,-13.47,-10.42,-1.39,8.35,88.49,2.15
"1414","東和",69.40,69.61,40.86,18.36,-5.33,10.43,34.99,6.17,59.15,1.04,0.71,-6.68,-26.85,-13.16,-20.05,-11.85,-2.01,2.46,113.92,0.82
"1416","廣豐",36.10,409.14,77.50,42.45,-5.05,4.43,82.39,3.39,107.66,1.10,0.21,-2.41,-4.32,-1.45,-3.76,-13.33,-0.45,0.00,0.00,0.00
"1417","嘉裕",24.87,383.98,156.51,110.49,-55.68,7.67,47.58,3.17,115.14,1.87,0.37,-12.65,-17.51,-8.24,-17.89,-38.96,-1.79,0.00,0.00,0.00
"1418","東華",46.06,112.05,107.06,61.73,-23.26,18.71,19.50,4.49,81.29,1.78,0.79,-14.53,-28.04,-9.56,-22.51,-20.87,-2.55,0.00,25.95,0.00
"1419","新紡",34.19,161.33,49.70,36.51,8.99,4.59,79.52,2.29,159.38,0.24,0.11,2.85,4.37,-0.99,5.53,24.56,0.63,9.44,78.74,2.77
"1423","利華",12.47,262.14,2993.32,924.77,-14.74,22.76,16.03,1.88,194.14,2.09,0.75,-1.32,-1.73,-4.53,-2.25,-1.95,-0.22,818.13,36.68,8.09
"1432","大魯閣",89.30,60.33,49.57,6.67,-5.75,10.02,36.42,0.56,651.78,0.52,0.16,-7.97,-63.79,-2.61,-54.75,-55.74,-5.92,-14.22,107.00,-13.30
"1434","福懋",38.73,406.36,230.33,124.07,14.51,11.06,33.00,4.48,81.47,3.30,0.68,7.25,11.30,6.03,18.18,9.93,1.55,58.57,126.26,3.75
"1435","中福",26.50,234.30,57.91,27.46,1.85,13.30,27.44,13.94,26.18,0.81,0.29,1.19,0.94,-1.72,0.74,2.30,0.09,42.65,159.10,7.59
"1436","華友聯",1.55,37483.08,9296.32,3555.70,-1094.89,52.52,6.94,0.06,6083.33,12.10,0.03,-0.78,-0.79,-1.40,-0.90,-24.89,-0.09,153.57,134.72,1.23
"1437","勤益控",47.78,410.29,113.00,94.00,-11.04,3.23,113.00,1.06,344.33,1.72,0.33,-7.80,-15.34,-5.00,-24.43,-26.00,-2.49,32.00,32.00,7.00
"1438","裕豐",78.00,236.00,44.00,15.00,-96.00,4.30,84.88,1.00,365.00,1.00,0.00,-3.00,-24.00,-2.00,-6.00,-44.00,-0.63,"NA","NA","NA"
"1439","中和",33.26,226.95,220.32,151.06,1.09,25.29,14.43,5.06,72.13,1.35,0.48,0.39,-0.08,-0.77,0.12,-0.10,-0.01,109.83,200.81,11.55
"1440","南紡",26.51,237.05,133.61,41.15,5.11,15.48,23.57,5.92,61.65,1.55,0.50,0.10,0.11,-1.15,0.73,0.15,0.01,10.29,73.70,0.00
"1441","大東",69.23,109.53,83.00,44.74,-0.57,6.02,60.63,2.83,128.97,1.43,0.59,-2.49,-15.16,-2.33,-7.34,-7.49,-0.90,4.67,1069.75,1.36
"1442","名軒",44.55,1278.45,206.93,57.38,1.89,3.74,97.59,0.11,3318.18,1.72,0.09,0.27,0.22,0.26,0.14,1.55,0.01,-81.35,-63.31,-48.01
"1443","立益",49.21,138.23,87.44,31.17,0.00,4.43,82.39,2.62,139.31,0.41,0.18,-4.05,-8.71,-2.70,-6.96,-25.47,-0.76,0.00,2.53,0.00
"1444","力麗",38.58,172.64,127.00,47.91,-20.85,9.50,38.42,4.96,73.58,1.47,0.62,-7.42,-12.18,-5.40,-12.80,-12.43,-1.33,6.02,43.93,1.22
"1445","大宇",28.52,168.29,415.12,249.25,0.00,9.72,37.55,4.28,85.28,1.82,0.89,-0.71,-6.09,-0.21,-2.28,-1.77,-0.24,73.81,387.28,5.39
"1446","宏和",36.81,214.08,103.66,52.06,-35.25,7.93,46.02,5.43,67.21,1.47,0.55,-21.88,-34.03,-4.05,-34.41,-46.62,-3.44,15.19,261.15,2.09
"1447","力鵬",47.23,139.81,117.82,56.37,0.80,9.76,37.39,7.47,48.86,2.15,1.04,0.90,0.73,0.22,-0.29,0.38,0.09,0.00,52.97,0.00
"1449","佳和",53.09,193.86,172.00,84.00,-5.00,9.83,37.13,2.76,132.24,1.56,0.63,-10.59,-26.22,-5.00,-22.20,-22.00,-3.15,8.07,23.13,1.33
"1451","年興",23.61,1171.25,315.92,210.79,38.44,15.96,22.86,6.56,55.64,10.39,0.74,10.88,13.04,3.23,25.10,13.47,2.27,94.37,83.16,4.41
"1452","宏益",12.92,324.10,467.18,382.92,-23.15,7.81,46.73,11.69,31.22,3.34,0.90,-2.41,-2.76,0.80,-2.56,-2.73,-0.32,49.89,120.67,4.05
"1453","大將",61.10,231.12,78.85,22.32,-35.02,1.11,328.82,1.39,262.58,0.42,0.08,-38.94,-84.87,-15.64,-49.27,-630.56,-5.46,15.93,93.85,12.99
"1454","台富",28.13,151.78,184.94,94.63,-488.53,9.59,38.06,5.13,71.15,2.11,1.05,-1.33,-2.23,0.16,-2.66,-1.56,-0.25,33.42,306.91,4.89
"1455","集盛",42.31,117.86,109.83,55.17,0.00,7.50,48.66,5.38,67.84,1.69,0.98,-1.71,-3.06,-1.71,-4.06,-1.94,-0.37,12.09,70.13,2.18
"1456","怡華",77.85,105.48,78.86,41.48,0.00,6.00,60.83,3.44,106.10,1.08,0.52,-3.67,-25.05,-0.06,-0.14,-10.85,-1.45,1.33,108.60,0.38
"1457","宜進",47.82,210.52,70.98,37.23,-2.29,7.05,51.77,7.87,46.37,1.87,0.62,-1.75,-4.95,-0.86,-6.40,-4.34,-0.39,9.21,102.15,3.80
"1459","聯發",38.23,143.14,100.94,63.40,-3.96,11.83,30.85,5.35,68.22,0.80,0.46,-3.08,-5.36,-4.68,-4.92,-7.73,-0.65,35.55,44.28,2.68
"1460","宏遠",32.37,234.59,198.08,46.74,2.27,11.90,30.67,2.00,182.50,2.07,0.68,0.99,0.93,3.25,0.98,0.92,0.11,32.91,119.70,3.85
"1463","強盛",10.06,347.28,416.07,355.05,266.43,5.08,71.85,10.47,34.86,1.48,0.39,0.84,0.94,0.68,1.02,2.17,0.12,60.69,171.71,-0.42
"1464","得力",24.37,218.51,179.38,81.55,-55.89,9.99,36.53,4.42,82.57,1.74,0.65,-20.13,-27.73,-6.83,-30.63,-32.67,-3.10,53.38,452.27,4.39
"1465","偉全",15.98,350.58,343.81,246.55,3740.90,8.81,41.43,4.50,81.11,3.35,0.80,5.15,6.27,1.83,11.33,6.42,1.11,91.20,43.52,9.85
"1466","聚隆",76.96,82.46,73.17,26.17,-1.48,13.53,26.97,7.02,51.99,2.81,1.64,-4.18,-24.18,7.17,-17.14,-3.87,-1.80,15.10,143.50,3.91
"1467","南緯",50.51,440.77,176.45,126.39,10.37,6.88,53.05,8.53,42.79,4.94,0.85,5.03,8.97,13.49,14.16,4.98,1.08,2.69,101.13,0.75
"1468","昶和",33.00,213.60,219.80,90.50,1.60,8.40,43.45,1.60,228.12,1.40,0.50,0.40,0.20,-0.70,0.40,0.20,0.02,"NA",84.00,"NA"
"1470","大統新創",14.61,193.10,350.66,260.84,16.62,4.56,80.04,7.07,51.62,1.94,0.86,0.14,0.16,-0.78,0.10,0.16,0.01,34.00,205.27,2.14
"1471","首利",42.69,519.84,165.13,135.98,274.98,5.16,70.73,18.08,20.18,15.26,1.82,10.03,17.12,19.40,27.96,5.48,2.13,"*****",23.94,"*****"
"1472","三洋紡",11.22,184.81,263.66,92.80,"NA",7.28,50.13,3.75,97.33,1.48,0.71,-10.04,-11.54,-8.05,-15.83,-14.52,-1.69,31.99,-125.85,2.69
"1473","台南",37.87,831.96,253.42,135.22,62.08,10.11,36.10,5.68,64.26,7.44,0.91,11.95,18.36,13.80,50.02,12.93,4.47,90.67,57.68,4.21
"1474","弘裕",47.08,218.06,160.21,86.61,959.64,3.58,101.95,3.96,92.17,4.27,1.12,4.16,6.91,7.03,11.84,3.19,0.85,6.23,33.51,1.81
"1475","本盟",53.23,100.45,65.12,34.92,0.00,5.37,67.97,2.56,142.57,1.07,0.51,-11.63,-31.07,-11.34,-17.14,-23.68,-3.57,"*****",44.01,"*****"
"1476","儒鴻",38.69,265.40,164.05,79.16,25.60,8.60,42.44,6.68,54.64,7.05,1.78,9.51,16.62,38.18,28.92,5.01,2.60,41.44,99.80,12.25
"1477","聚陽",49.00,4781.84,165.12,109.32,18.00,15.82,23.07,8.76,41.66,227.28,2.41,15.75,28.67,71.93,64.84,5.69,4.85,17.99,71.11,0.91
"1503","士電",39.00,239.80,147.60,103.10,16.50,3.40,107.35,5.10,71.56,2.80,0.80,4.20,6.70,12.90,15.00,5.20,1.31,42.40,138.70,8.20
"1504","東元",41.29,1054.24,125.85,75.45,955.00,4.14,88.16,5.48,66.60,6.26,0.49,3.62,5.84,3.07,9.55,6.79,0.97,12.35,58.40,2.88
"1506","正道",57.04,246.84,66.83,40.28,1.06,5.01,72.85,2.66,137.21,1.62,0.33,1.26,0.51,2.88,0.20,0.65,0.05,5.12,125.01,2.37
"1507","永大",24.23,526.95,245.23,175.70,41.00,4.37,83.52,2.91,125.42,1.97,0.35,5.47,7.10,4.00,13.94,15.41,1.32,41.76,43.53,3.46
"1512","瑞利",53.68,139.15,146.44,83.36,546.34,4.03,90.57,5.16,70.73,1.81,0.83,3.38,5.80,3.57,9.48,3.14,0.72,22.86,62.19,3.66
"1513","中興電",53.77,221.82,131.11,63.53,68.26,9.83,37.13,2.58,141.47,3.27,0.75,7.70,15.34,26.01,26.56,9.42,2.40,28.73,278.43,11.42
"1514","亞力",38.53,243.33,185.28,122.94,3.09,2.26,161.50,4.38,83.33,3.07,0.81,1.50,1.95,2.21,1.56,1.41,0.24,22.86,144.15,6.95
"1515","力山",57.91,198.44,93.67,78.84,-2.00,6.08,60.03,9.30,39.24,2.74,0.69,-2.17,-6.79,-1.52,-7.29,-4.43,-0.81,0.00,121.62,0.00
"1516","川飛",29.34,418.63,78.99,63.92,1.18,4.75,76.84,10.52,34.69,1.70,0.29,0.72,0.06,-1.91,0.19,0.14,0.00,6.18,1038.56,1.96
"1517","利奇",20.81,509.53,323.37,275.55,0.00,2.56,142.57,5.21,70.05,3.32,0.53,0.66,0.83,4.11,2.29,1.22,0.09,35.17,289.44,6.45
"1519","華城",56.68,147.67,117.53,55.27,7.68,4.02,90.79,2.44,149.59,2.73,0.83,3.30,6.45,7.40,7.63,3.26,0.67,0.00,34.96,0.00
"1521","大億",50.86,137.52,131.19,93.00,29.93,4.52,80.75,8.84,41.28,3.71,1.47,8.58,17.28,27.01,32.41,5.74,3.02,29.94,82.57,3.52
"1522","堤維西",64.57,152.59,132.98,112.62,-2.87,2.79,130.82,8.76,41.66,1.25,0.58,-2.14,-7.72,7.46,-14.86,-4.85,-1.26,15.50,60.21,3.10
"1524","耿鼎",52.07,112.35,119.99,69.04,8.46,3.97,91.93,4.05,90.12,1.05,0.68,2.79,5.23,10.31,9.57,3.59,0.70,55.54,64.25,12.30
"1525","江申",30.83,249.24,192.01,126.89,4106.50,5.62,64.94,7.04,51.84,2.69,0.78,7.92,11.56,13.96,31.18,9.53,2.80,15.57,84.01,2.13
"1526","日馳",59.33,87.07,68.60,25.99,"NA",3.52,103.69,1.85,197.29,0.66,0.38,-13.64,-33.25,-14.33,-28.34,-42.64,-2.87,7.54,75.98,4.16
"1527","鑽全",51.52,245.58,127.02,107.02,39.08,10.48,34.82,5.09,71.70,2.23,0.63,15.55,28.35,70.94,75.48,23.92,5.85,50.73,106.38,13.70
"1528","恩德",51.00,402.00,221.00,144.00,5.00,3.31,110.27,4.31,84.68,7.00,1.00,5.00,9.00,15.00,14.00,3.00,1.24,36.00,135.00,14.00
"1529","樂士",68.49,364.52,118.76,21.19,204.25,9.09,40.15,1.84,198.36,6.04,0.67,0.99,0.84,5.01,2.82,0.37,0.08,0.00,0.00,0.00
"1530","亞崴",51.80,293.77,141.86,77.21,53.85,3.59,101.67,2.97,122.89,7.67,1.29,16.19,33.88,65.37,72.79,12.33,5.77,8.90,24.57,-1.18
"1531","高林股",30.22,924.78,255.10,189.32,874.94,2.83,128.97,3.98,91.70,10.17,0.79,11.11,15.69,25.21,40.57,13.12,3.13,12.48,94.33,0.00
"1532","勤美",38.67,760.18,151.56,89.31,8.16,5.62,64.94,2.83,128.97,8.84,0.86,7.51,12.47,-5.91,24.84,8.56,2.69,100.51,-0.26,22.72
"1533","車王電",49.25,274.50,148.09,93.85,1.58,9.54,38.25,2.81,129.89,2.62,0.59,1.65,1.44,16.84,4.04,1.17,0.24,20.15,81.35,4.94
"1535","中宇",65.65,892.11,136.85,125.09,8.48,12.88,28.33,0.79,462.02,16.02,0.62,4.16,11.42,13.61,15.34,6.16,1.39,24.69,113.32,39.45
"1536","和大",60.34,143.25,144.62,120.68,11.89,3.31,110.27,6.33,57.66,1.45,0.69,9.15,23.20,45.32,40.09,12.43,3.03,42.11,57.12,13.00
"1537","廣隆",24.71,353.16,215.20,133.49,12.72,5.29,68.99,3.93,92.87,3.77,0.84,2.09,2.67,3.01,4.34,2.35,0.42,12.23,64.15,1.41
"1538","正峰新",55.31,398.22,163.93,147.14,12.23,4.86,75.10,26.88,13.57,8.63,1.52,11.39,23.89,34.89,46.65,6.94,3.87,94.02,202.06,31.50
"1539","巨庭",54.00,193.00,120.00,69.00,-13.00,5.39,67.71,4.33,84.29,4.38,1.04,-10.25,-23.23,-6.21,-32.00,-11.66,-2.91,-28.46,-39.18,-27.73
"1540","喬福",40.34,238.15,261.92,103.83,15.15,4.79,76.20,1.69,215.97,3.03,0.97,9.00,13.83,32.04,26.51,8.59,1.97,22.47,88.88,0.67
"1541","錩泰",53.14,138.02,117.65,99.39,-0.32,3.68,99.18,7.75,47.09,3.32,0.92,-1.63,-4.89,-3.06,-1.93,-2.23,-0.53,9.46,66.11,8.87
"1558","伸興",53.24,506.81,90.93,80.63,116.13,7.73,47.21,26.55,13.74,14.03,1.34,6.91,14.16,36.10,44.22,5.09,3.04,26.57,118.58,4.99
"1560","中砂",46.51,114.80,112.82,60.33,26.08,4.09,89.24,2.83,128.97,0.76,0.48,9.19,17.04,35.87,41.86,18.62,4.79,37.47,98.76,5.93
"1582","信錦",43.53,1307.54,158.56,144.78,367.28,3.82,95.54,18.91,19.30,21.04,0.91,20.85,36.49,15.21,54.94,16.97,4.65,3.03,0.00,1.77
"1603","華電",55.84,95.17,71.64,44.07,1.52,2.73,133.69,2.96,123.31,0.85,0.40,1.65,1.71,7.12,1.60,1.70,0.18,6.03,379.41,6.98
"1604","聲寶",48.26,375.94,163.26,94.44,0.00,3.80,96.05,3.84,95.05,4.37,0.77,-25.02,-46.37,-12.18,-41.64,-37.12,-4.38,16.60,47.20,5.34
"1605","華新",20.92,396.02,156.24,78.88,545.79,20.39,17.90,6.63,55.05,2.72,0.58,2.78,2.80,4.66,4.70,3.90,0.47,12.03,55.19,0.00
"1608","華榮",15.53,297.33,560.62,355.66,-858.89,10.17,35.88,6.29,58.02,3.23,0.98,-1.40,-1.90,4.98,-1.46,-1.68,-0.24,38.95,41.46,-0.78
"1609","大亞",40.72,289.80,206.98,106.06,652.70,6.99,52.21,4.95,73.73,2.63,0.71,4.14,6.13,4.39,8.56,5.05,0.86,18.72,94.66,1.97
"1611","中電",17.69,293.64,346.30,283.74,158314.55,3.40,107.35,4.42,82.57,1.68,0.47,5.08,6.27,3.91,9.12,10.44,0.85,57.87,96.50,4.77
"1612","宏泰",17.10,294.69,320.31,201.07,272.30,7.25,50.34,4.91,74.33,3.58,1.06,8.04,9.96,13.89,17.13,7.78,1.34,55.52,131.83,5.52
"1614","三洋電",26.77,630.28,305.85,235.74,423.17,6.47,56.41,10.07,36.24,9.90,1.18,7.60,10.56,11.94,20.61,6.43,1.83,64.47,96.06,5.94
"1615","大山",51.78,162.50,134.36,74.68,1.42,11.21,32.56,5.02,72.70,2.94,1.13,0.06,-1.87,11.91,1.27,-0.81,-0.21,26.40,87.87,7.64
"1616","億泰",47.00,334.00,158.00,91.00,5.00,5.28,69.12,5.27,69.25,4.85,1.02,3.00,5.00,11.00,10.00,3.00,0.73,4.00,0.00,0.00
"1617","榮星",56.99,377.72,173.77,147.28,3.00,3.82,95.54,20.23,18.04,8.51,1.45,0.61,0.41,3.96,2.94,0.12,0.06,0.24,26.08,0.03
"1618","合機",40.41,133.05,106.38,42.79,299.16,8.36,43.66,3.13,116.61,1.40,0.71,1.67,1.77,5.05,3.79,1.48,0.26,25.90,39.33,7.67
"1701","中化",26.29,160.09,132.13,108.19,9.63,1.95,187.17,6.68,54.64,0.91,0.43,1.06,1.14,10.18,5.07,1.99,0.16,33.57,134.41,3.20
"1702","南僑",50.00,255.00,145.00,85.00,0.00,5.01,72.85,4.19,87.11,0.85,0.30,0.00,-2.00,-1.00,-1.00,-3.00,-0.17,"NA","NA","NA"
"1707","葡萄王",27.74,270.43,549.11,436.15,54.83,4.19,87.11,2.03,179.80,1.81,0.49,5.68,7.60,6.68,10.81,11.37,0.92,248.36,184.76,12.29
"1708","東鹼",16.00,232.00,193.00,118.00,27.00,6.66,54.80,5.62,64.94,1.24,0.47,5.00,6.00,7.00,9.00,10.00,0.82,27.00,72.00,1.00
"1709","和益",19.63,260.12,319.68,109.97,842.90,8.22,44.40,3.49,104.58,3.97,1.23,6.07,7.71,12.06,12.55,4.77,1.00,18.53,55.87,2.61
"1710","東聯",9.10,418.28,415.96,366.68,77283.18,14.15,25.79,13.36,27.32,3.64,0.88,17.86,20.09,35.33,38.24,20.18,3.03,209.96,190.73,2.62
"1711","永光",23.00,185.00,203.00,91.00,4.00,4.20,86.90,2.61,139.84,1.55,0.68,2.00,2.00,3.00,3.00,3.00,0.32,28.00,166.00,2.00
"1712","興農",39.90,221.20,136.10,78.00,2.00,7.50,48.66,6.00,60.83,4.10,1.20,1.46,1.40,1.20,1.70,0.70,0.17,18.90,63.80,3.90
"1713","國化",13.68,255.97,640.56,525.69,143.57,4.43,82.39,2.63,138.78,0.90,0.30,6.74,7.70,5.55,14.83,22.11,1.10,-109.32,19.88,-12.37
"1714","和桐",49.98,1644.79,49.52,41.68,-7.17,9.76,37.39,34.72,10.51,32.11,0.54,-7.09,-13.59,0.35,-15.39,-14.56,-1.47,0.77,-10.57,0.64
"1717","長興",44.00,287.00,200.00,135.00,14.00,3.90,93.58,5.20,70.19,3.00,1.00,8.00,14.00,12.00,29.00,9.00,2.41,32.00,99.00,4.00
"1718","中纖",32.26,329.44,211.86,123.50,1.67,7.41,49.25,9.27,39.37,2.19,0.51,0.30,0.07,4.67,0.41,0.09,0.01,44.82,7.19,6.99
"1720","生達",26.95,381.10,319.43,265.81,30.76,2.60,140.38,2.93,124.57,2.45,0.52,9.40,13.74,27.21,24.96,17.43,2.09,76.16,202.90,7.87
"1721","三晃",49.33,127.68,104.34,61.87,1.08,3.15,115.87,3.59,101.67,1.62,0.67,0.85,0.18,-4.25,0.12,0.13,0.01,0.00,48.91,0.00
"1722","台肥",16.28,133.07,878.87,736.98,40706.85,6.68,54.64,6.10,59.83,0.29,0.18,5.46,7.47,4.22,34.89,28.34,3.14,45.54,78.22,-1.87
"1723","中碳",22.10,653.20,236.30,219.90,212.00,19.90,18.34,24.10,15.14,7.30,0.90,20.40,30.00,55.60,65.10,26.00,5.36,86.50,122.10,-0.80
"1724","台硝",31.79,345.72,240.35,179.49,1414.00,4.48,81.47,7.00,52.14,3.28,0.76,6.64,9.58,14.90,16.52,8.17,1.05,71.38,107.17,10.15
"1725","元禎",64.11,276.84,124.96,115.36,1079.91,7.29,50.06,56.34,6.47,23.65,3.38,6.24,17.61,16.89,26.27,1.74,2.13,11.77,176.16,15.05
"1726","永記",20.37,613.74,351.02,261.03,8744.60,4.68,77.99,2.76,132.24,8.26,1.09,11.48,14.70,52.32,56.29,10.41,4.14,78.19,124.93,8.60
"1727","中華化",31.34,202.86,169.08,118.17,22.81,3.31,110.27,6.39,57.12,2.88,1.01,5.50,7.49,13.01,11.14,5.24,0.93,13.47,85.34,2.19
"1730","花仙子",23.66,313.04,219.21,164.79,0.00,4.16,87.74,4.70,77.65,4.23,1.03,6.01,7.84,9.88,11.17,5.71,0.93,25.41,155.88,2.54
"1731","美吾華",52.34,483.72,163.83,151.36,3.88,3.54,103.10,17.99,20.28,13.03,1.56,1.27,2.14,-1.79,2.80,0.66,0.30,12.17,207.07,4.73
"1732","毛寶",19.27,234.23,414.42,318.61,"NA",3.64,100.27,3.54,103.10,2.64,0.91,-0.47,-0.58,-1.19,-0.12,-0.51,-0.06,16.59,118.74,2.43
"1733","五鼎",20.97,306.60,299.80,199.30,0.00,5.50,66.36,2.90,125.86,2.80,0.70,16.20,19.60,18.80,24.10,20.50,2.51,95.10,86.50,33.80
"1734","杏輝",40.59,214.76,139.60,107.89,15.40,3.27,111.62,3.00,121.66,1.65,0.52,7.08,11.57,15.57,17.29,11.97,1.72,13.59,68.82,3.39
"1735","日勝化",42.54,243.61,153.17,109.42,10.75,3.15,115.87,5.29,68.99,3.36,0.88,3.19,5.15,4.88,9.00,3.32,0.67,24.99,36.11,5.94
"1736","喬山",35.54,996.98,191.65,170.93,99.26,3.29,110.94,19.98,18.26,11.43,0.82,22.93,41.06,19.85,111.10,27.86,9.76,59.79,117.42,15.64
"1737","臺鹽",11.83,170.17,405.72,326.46,5.07,10.24,35.64,2.28,160.08,0.72,0.38,0.22,0.21,18.22,1.71,0.53,0.06,70.21,56.27,0.00
"1802","台玻",12.68,316.12,453.12,374.88,236.40,6.44,56.67,5.07,71.99,1.37,0.41,8.72,10.00,18.01,24.64,21.22,2.00,254.72,166.22,12.80
"1805","寶徠",71.46,406.93,98.52,67.69,-4.56,0.94,388.29,1.47,248.29,1.04,0.15,-8.03,-53.59,-2.06,-2.33,-71.69,-0.36,-10.82,52.14,-2.58
"1806","冠軍",33.15,305.98,122.85,81.85,5.43,4.79,76.20,2.94,124.14,1.85,0.45,4.84,6.14,13.47,8.58,8.67,0.67,36.11,181.79,9.80
"1808","潤隆",85.20,98.68,99.15,9.76,8.54,6.72,54.31,0.46,793.47,1.52,0.23,5.98,30.42,40.42,32.70,15.91,3.27,"NA","NA","NA"
"1809","中釉",35.94,227.65,140.56,85.40,667.24,3.88,94.07,3.52,103.69,1.79,0.58,2.97,3.98,5.79,6.39,4.40,0.50,22.17,272.36,5.54
"1810","和成",33.79,589.17,136.52,96.35,2.32,2.75,132.72,2.84,128.52,2.67,0.34,1.28,0.98,2.36,2.53,1.97,0.14,7.00,260.03,1.46
"1902","台紙",49.78,138.35,91.65,21.95,-1.30,7.54,48.40,2.17,168.20,0.96,0.42,-1.26,-4.03,-2.26,-5.86,-4.50,-0.59,-1.61,166.08,-0.34
"1903","士紙",23.92,639.65,115.74,86.92,-21.89,9.00,40.55,4.11,88.80,1.95,0.23,-4.89,-6.76,-18.56,-12.33,-22.95,-1.23,0.00,64.88,0.00
"1904","正隆",35.00,173.00,192.00,89.00,5.00,6.46,56.50,4.80,76.04,1.94,0.86,2.00,3.00,8.00,5.00,2.00,0.37,48.00,163.00,3.00
"1905","華紙",16.00,214.00,960.00,556.00,323.00,5.59,65.29,4.37,83.52,1.17,0.50,7.00,9.00,1.00,11.00,14.00,1.20,81.00,124.00,0.00
"1906","寶隆",27.19,316.03,77.71,70.19,-392.18,11.98,30.46,44.11,8.27,3.43,0.81,-0.44,-0.76,-0.33,-0.51,-0.70,-0.06,25.92,1741.14,4.91
"1907","永豐餘",44.09,814.27,103.51,59.36,5.54,8.90,41.01,9.38,38.91,6.46,0.65,4.75,7.24,3.71,9.56,5.92,0.94,8.47,65.27,0.00
"1909","榮成",33.73,283.46,122.57,90.51,7.24,5.02,72.70,12.09,30.19,1.73,0.52,4.38,6.00,8.45,7.91,7.37,0.88,118.65,178.07,11.04
"2002","中鋼",21.59,188.88,168.15,75.72,89.67,50.02,7.29,3.76,97.07,1.76,0.74,20.93,26.60,57.75,61.74,27.18,4.83,109.28,119.43,2.45
"2006","東和鋼鐵",39.67,168.34,139.05,68.02,14.96,10.59,34.46,4.68,77.99,2.55,1.16,11.01,18.35,46.42,44.97,9.23,3.18,95.62,152.19,13.95
"2007","燁興",76.28,83.51,29.09,19.38,-0.94,32.40,11.26,18.12,20.14,1.19,0.57,-2.67,-16.82,-2.60,-16.46,-7.61,-1.63,-1.03,101.77,-0.55
"2008","高興昌",75.82,49.18,41.27,23.78,-472.53,21.29,17.14,7.23,50.48,1.76,1.00,-11.80,-46.75,-9.10,-40.37,-14.78,-4.32,5.72,51.68,6.04
"2009","第一銅",21.38,241.09,319.51,141.96,47.30,7.31,49.93,3.38,107.98,2.65,0.92,5.04,6.79,9.73,9.35,5.78,0.75,45.62,63.49,1.61
"2010","春源",47.12,253.90,156.50,66.85,21.77,5.41,67.46,3.21,113.70,4.64,1.16,6.30,11.44,19.29,23.16,5.20,1.93,0.00,40.43,0.00
"2012","春雨",42.64,230.74,157.48,62.70,9.65,5.87,62.18,2.11,172.98,2.27,0.62,4.03,6.34,11.60,9.30,5.52,0.78,-7.57,97.29,-2.07
"2013","中鋼構",59.13,252.39,112.88,45.18,6.57,6.12,59.64,3.21,113.70,8.80,1.42,2.68,6.05,8.96,11.25,1.70,1.02,34.01,52.38,28.86
"2014","中鴻",76.09,108.89,79.44,5.20,-10.56,52.17,6.99,4.02,90.79,2.70,1.20,-14.21,-45.00,5.28,-39.02,-12.04,-3.84,-42.12,-16.62,-31.35
"2015","豐興",31.42,184.43,170.73,75.50,116.02,19.78,18.45,4.61,79.17,3.81,1.46,13.81,20.21,51.37,52.60,9.34,3.88,89.49,98.21,12.79
"2017","官田鋼",43.30,164.80,130.60,30.90,0.00,9.60,38.02,3.20,114.06,1.50,0.70,-2.10,-5.20,-4.10,-4.40,-4.60,-0.64,0.00,58.00,0.00
"2020","美亞",60.51,363.08,133.13,102.63,0.08,5.69,64.14,5.30,68.86,7.39,0.90,0.94,0.39,8.69,-3.56,0.17,0.06,0.00,19.11,0.00
"2022","聚亨",30.13,839.68,70.70,31.93,-9.01,8.32,43.87,3.90,93.58,1.77,0.18,-2.14,-3.37,-1.35,-4.25,-14.02,-0.35,-47.07,-9.85,-11.51
"2023","燁輝",38.84,235.64,186.17,115.43,5.13,9.71,37.59,9.30,39.24,2.75,0.95,4.76,6.59,12.64,15.26,4.02,1.17,20.24,159.23,0.56
"2024","志聯",57.00,107.00,65.00,25.00,-1.00,8.22,44.40,4.94,73.88,1.01,0.64,-2.00,-10.00,-4.00,-9.00,-7.00,-0.92,"NA",121.00,"NA"
"2025","千興",33.00,116.00,95.00,47.00,-2.43,120.91,3.01,12.56,29.06,1.73,1.09,-3.00,-6.00,-3.00,-5.00,-4.00,-0.60,0.00,64.00,0.00
"2027","大成鋼",44.77,335.35,202.08,115.09,7.25,3.50,104.28,5.04,72.42,3.20,0.75,9.79,15.83,29.28,31.21,11.21,2.75,15.46,39.94,-3.15
"2028","威致",79.77,77.23,70.85,18.88,-17.84,10.55,34.59,2.94,124.14,2.17,1.03,-1.58,-16.01,6.29,-8.66,-3.42,-1.07,12.83,-5.81,12.66
"2029","盛餘",16.00,162.20,407.90,110.40,27986.50,20.70,17.63,7.10,51.40,3.90,2.00,9.10,11.10,34.10,36.70,4.80,2.67,164.10,106.60,0.30
"2030","彰源",43.20,239.60,230.00,86.30,7.40,12.50,29.20,2.90,125.86,4.20,1.30,8.70,14.20,34.90,29.10,5.80,2.14,55.50,20.30,14.60
"2031","新光鋼",59.48,512.69,199.94,92.37,1.60,3.23,113.00,2.17,168.20,6.06,0.82,1.27,0.15,4.12,19.56,0.08,0.03,4.12,0.00,4.12
"2032","新鋼",51.50,236.85,190.56,129.91,-2.20,3.67,99.45,6.73,54.23,5.54,1.39,-0.81,-2.54,-2.64,-5.18,-0.91,-0.35,0.00,12.99,0.00
"2033","佳大",44.70,145.95,158.24,91.21,2.53,4.02,90.79,3.53,103.39,1.93,0.85,1.37,1.43,6.11,2.81,0.95,0.16,24.51,56.91,4.76
"2034","允強",42.63,269.31,261.57,88.27,12.74,10.57,34.53,4.45,82.02,7.08,1.95,5.69,8.87,15.56,20.96,2.68,1.65,-7.07,-11.27,-14.23
"2038","海光",63.71,122.23,116.76,76.35,3.65,7.49,48.73,7.86,46.43,3.31,1.54,5.01,10.02,24.24,21.11,2.35,1.54,11.90,28.32,2.59
"2059","川湖",20.06,274.39,410.15,349.14,396.71,4.43,82.39,5.25,69.52,3.15,0.92,32.75,43.10,114.54,122.15,32.28,9.31,132.14,181.50,14.27
"2101","南港",44.71,213.28,74.28,35.44,9.57,14.50,25.17,8.54,42.74,2.33,0.76,13.39,23.35,48.23,53.38,15.20,5.31,51.41,216.00,10.77
"2102","泰豐",19.92,535.07,173.20,141.86,40.37,4.22,86.49,8.18,44.62,3.63,0.53,7.55,9.69,19.98,23.55,14.07,2.06,47.47,175.16,7.60
"2103","台橡",26.94,426.15,169.02,126.00,43.00,8.15,44.78,7.75,47.09,3.80,0.93,15.29,21.05,27.24,38.57,15.72,3.03,95.91,118.68,7.36
"2104","國際中橡",24.20,744.20,181.60,132.40,13.60,9.10,40.10,7.50,48.66,2.60,0.28,8.80,11.30,9.60,19.70,28.00,2.00,77.30,337.60,3.00
"2105","正新",39.35,345.31,120.58,74.82,6.32,7.45,48.99,4.98,73.29,1.81,0.43,5.27,7.50,2.52,12.60,10.77,1.25,20.10,65.13,0.00
"2106","建大",34.33,505.19,186.79,148.24,2.26,4.61,79.17,5.81,62.82,2.51,0.40,0.96,0.92,-0.72,1.21,1.50,0.12,42.12,102.79,7.98
"2107","厚生",26.42,173.96,388.50,313.35,-6.03,7.03,51.92,1.84,198.36,0.23,0.11,-2.02,-3.33,0.25,-4.15,-17.24,-0.42,-0.43,18.24,-1.88
"2108","南帝",17.51,263.54,236.66,119.28,99.62,6.02,60.63,4.86,75.10,2.32,0.78,9.06,10.89,10.48,17.44,11.57,1.39,21.54,153.80,1.08
"2109","華豐",40.78,309.19,162.53,116.46,-2.32,3.54,103.10,4.59,79.52,1.53,0.38,-1.37,-2.91,-3.43,-3.48,-4.70,-0.35,10.66,73.98,0.58
"2114","鑫永銓",50.30,123.74,134.71,72.77,48.94,12.75,28.62,4.77,76.51,2.61,1.30,14.02,29.42,54.93,52.57,10.60,4.32,48.11,97.98,19.85
"2201","裕隆",25.10,427.80,266.90,196.10,154.00,40.70,8.96,8.10,45.06,2.90,0.60,8.70,11.80,19.70,42.20,13.60,4.01,32.00,96.40,"*****"
"2204","中華",23.82,653.00,167.51,90.71,30.27,16.40,22.25,5.73,63.69,7.73,0.90,7.98,10.93,20.63,34.92,9.00,3.39,38.76,57.32,2.56
"2206","三陽工業",42.42,217.38,84.54,46.80,7.00,20.00,18.25,11.17,32.67,4.33,1.09,7.43,12.15,5.81,11.84,6.09,2.00,6.70,72.74,-1.23
"2207","和泰車",27.94,478.36,195.61,169.37,41.18,49.42,7.38,68.95,5.29,22.12,3.91,20.86,27.74,50.91,98.41,5.22,8.36,75.37,159.02,13.62
"2227","裕日車",26.00,12440.00,266.00,265.00,"NA",35.00,10.42,11237.00,"NA",451.00,3.00,18.00,25.00,105.00,130.00,6.00,10.54,91.00,402.00,8.00
"2301","光寶科",47.20,1978.05,146.87,136.60,54.08,5.58,65.41,30.54,11.95,57.72,1.63,9.31,17.36,15.41,36.71,5.36,3.40,0.60,66.00,-7.86
"2302","麗正",19.40,325.19,105.95,71.99,2.83,3.75,97.33,3.61,101.10,0.58,0.15,0.33,0.10,-2.36,0.55,0.52,0.01,40.49,62.51,4.63
"2303","聯電",20.83,196.44,453.18,404.71,7.01,7.87,46.37,8.51,42.89,0.63,0.28,2.35,2.68,-1.35,3.55,7.74,0.38,162.56,149.84,8.12
"2305","全友",39.00,868.00,49.00,29.00,-3.00,5.26,69.39,3.24,112.65,7.21,0.56,-5.00,-11.00,-8.00,-8.00,-12.00,-0.92,9.00,97.00,5.00
"2308","台達電",34.53,1038.52,142.16,129.52,7458.91,4.40,82.95,29.01,12.58,16.75,1.05,12.45,19.74,18.39,41.11,11.74,4.26,55.27,102.61,17.03
"2312","金寶",21.59,2950.72,100.42,99.03,13.09,6.32,57.75,1167.81,0.31,29.11,0.83,4.97,6.11,7.28,6.56,5.61,0.78,86.07,70.09,9.82
"2313","華通",41.81,293.50,169.79,139.15,3.22,3.39,107.66,7.33,49.79,2.54,0.63,1.87,2.37,4.12,3.26,1.98,0.28,31.42,107.28,6.19
"2314","台揚",30.61,502.66,235.41,184.80,4.51,4.70,77.65,4.49,81.29,4.23,0.64,1.86,1.88,4.21,2.06,1.90,0.21,55.55,193.61,13.10
"2316","楠梓電",37.43,282.85,172.10,120.79,8.97,4.62,79.00,7.49,48.73,3.21,0.81,1.33,1.86,5.70,3.89,1.44,0.29,16.41,152.90,1.71
"2317","鴻海",46.88,739.66,145.40,105.05,194.60,6.43,56.76,12.71,28.71,27.80,2.37,14.46,26.97,52.62,114.98,6.06,10.21,8.41,38.06,1.84
"2321","東訊",50.38,914.54,158.41,90.01,13.07,3.43,106.41,4.29,85.08,19.33,1.31,4.81,8.93,17.83,13.46,3.39,1.25,33.21,70.89,16.72
"2323","中環",40.56,143.25,104.82,73.38,0.08,4.47,81.65,9.32,39.16,0.57,0.32,0.02,-0.73,4.71,-1.51,-1.35,-0.13,50.42,53.62,8.83
"2324","仁寶",46.59,2784.28,196.73,172.15,23.07,5.90,61.86,23.58,15.47,75.36,1.82,7.70,13.78,22.52,27.02,3.81,2.43,20.97,160.68,5.48
"2327","國巨",42.59,396.67,74.56,50.78,2.87,4.31,84.68,3.59,101.67,1.12,0.21,1.23,1.22,2.43,1.29,3.30,0.13,30.83,14.53,5.32
"2328","廣宇",37.20,756.23,155.36,142.67,192.04,3.45,105.79,28.00,13.03,10.50,1.03,8.09,12.22,13.72,23.05,7.79,1.98,22.57,147.95,12.15
"2329","華泰",75.14,72.85,49.21,42.28,-2.13,7.61,47.96,14.29,25.54,1.18,0.59,-2.85,-16.71,-10.78,-13.89,-7.35,-0.97,7.89,92.68,3.65
"2330","台積電",12.20,218.42,613.84,560.93,39.62,8.08,45.17,9.82,37.16,1.24,0.52,19.23,22.16,37.61,37.94,35.37,3.79,467.55,150.84,12.48
"2331","精英",38.81,782.36,170.20,147.60,20.35,5.11,71.42,14.29,25.54,10.15,0.87,2.15,3.49,-2.96,6.93,2.19,0.71,9.13,143.80,4.26
"2332","友訊",31.00,1151.00,136.00,136.00,90.00,4.12,88.59,66.29,5.50,32.14,1.04,9.35,14.00,23.00,34.00,9.00,2.74,5.00,84.00,0.00
"2337","旺宏",34.70,212.52,207.40,161.87,-22.65,6.82,53.51,2.68,136.19,0.86,0.39,-14.16,-22.34,-9.34,-13.67,-37.85,-2.41,50.08,70.26,5.00
"2338","光罩",37.57,193.02,165.87,153.92,13.93,3.78,96.56,13.99,26.09,0.93,0.38,9.40,14.28,20.26,21.60,22.87,2.00,86.57,175.18,9.19
"2340","光磊",45.82,154.56,154.32,95.99,-6.55,3.60,101.38,2.61,139.84,0.83,0.42,-9.07,-19.78,-2.01,-16.31,-23.82,-1.77,34.49,27.01,7.55
"2342","茂矽",32.31,1412.44,102.36,70.03,10.07,9.80,37.24,8.20,44.51,14.98,0.77,4.56,6.88,1.30,8.92,6.09,0.94,29.74,-225.14,0.15
"2344","華邦電",31.66,148.62,144.99,113.38,0.00,7.99,45.68,4.92,74.18,0.81,0.38,0.00,-2.49,-5.28,-3.45,-5.16,-0.35,74.13,102.82,6.94
"2345","智邦",42.96,1023.45,199.69,146.21,0.00,3.87,94.31,6.70,54.47,17.99,1.24,-2.45,-4.84,6.27,-3.69,-2.18,-0.58,20.12,95.27,8.34
"2347","聯強",35.46,1662.87,199.14,126.21,3627.00,6.23,58.58,9.29,39.28,42.25,1.75,8.87,13.86,20.91,36.44,4.94,3.16,26.52,47.75,5.96
"2348","海悅",80.20,141405.20,32.60,25.10,0.40,1.00,365.00,12.00,30.41,2106.60,0.70,-0.30,-16.00,-4.80,-3.10,-5.00,-0.48,40.00,"NA",47.00
"2349","錸德",35.97,202.49,115.90,89.06,-4.06,4.62,79.00,5.30,68.86,0.76,0.30,-2.61,-4.75,-1.44,-10.35,-10.26,-1.12,23.62,116.41,4.71
"2351","順德",52.59,170.33,140.00,82.70,7.53,4.16,87.74,3.71,98.38,1.78,0.70,5.47,10.08,10.02,15.45,6.70,1.42,16.71,64.95,1.99
"2352","佳世達",51.00,978.00,144.00,120.00,"NA",4.25,85.88,25.02,14.58,20.98,1.49,-6.00,-11.00,-3.00,-20.00,-4.00,-2.12,"NA",55.00,"NA"
"2353","宏",48.76,1654.09,126.47,113.79,53.00,4.94,73.88,37.62,9.70,49.88,1.60,7.55,13.41,25.89,42.80,4.14,3.83,4.84,80.78,"NA"
"2354","鴻準",24.19,2517.11,185.67,151.23,128.17,4.96,73.58,10.72,34.04,40.16,1.85,17.15,30.41,23.92,71.86,9.19,6.34,192.38,84.16,56.50
"2355","敬鵬",43.00,228.00,193.00,169.00,17.00,4.62,79.00,10.10,36.13,2.32,0.78,7.00,11.00,21.00,26.00,9.00,2.18,41.00,103.00,9.00
"2356","英業達",62.18,1826.44,129.83,126.63,41.11,6.30,57.93,82.23,4.43,97.07,2.01,4.91,11.10,7.26,15.24,2.00,1.48,0.00,75.30,0.00
"2357","華碩",47.87,1308.73,139.62,83.73,11940.21,6.23,58.58,5.51,66.24,20.61,0.90,11.13,18.47,37.89,66.18,9.61,6.03,11.32,30.00,4.86
"2358","廷鑫",55.00,24133.72,107.39,107.38,26.23,6.11,59.73,396.91,0.91,686.75,1.78,1.32,2.71,4.67,4.29,0.70,0.22,"NA",583.59,"NA"
"2359","所羅門",55.00,749.00,91.00,78.00,1.00,4.95,73.73,10.00,36.50,15.00,1.00,0.62,-1.75,2.37,-1.40,-0.76,-0.14,7.09,13.50,5.78
"2360","致茂",35.38,238.27,172.99,123.75,45.68,4.52,80.75,4.59,79.52,2.98,0.86,12.00,18.38,29.69,35.79,13.25,3.03,33.91,107.65,9.16
"2362","藍天",39.28,953.07,189.41,140.84,-6.12,6.38,57.21,23.81,15.32,9.48,0.89,-4.31,-7.36,-4.15,-8.38,-5.45,-0.82,-43.63,29.01,-15.58
"2363","矽統",17.37,1153.22,246.49,210.26,74.88,5.11,71.42,6.64,54.96,7.09,0.58,4.87,5.80,5.78,7.03,8.28,0.72,42.49,153.67,8.20
"2364","倫飛",43.40,506.56,143.86,108.73,-5.61,5.59,65.29,8.49,42.99,7.70,1.57,-7.44,-17.42,-9.86,-13.54,-6.86,-1.70,10.62,18.69,5.44
"2365","昆盈",40.98,1010.51,201.38,190.89,57.76,7.37,49.52,39.37,9.27,20.20,1.31,10.37,16.55,26.20,37.82,7.14,3.02,28.07,155.24,6.45
"2367","燿華",40.85,166.02,139.43,119.98,500.00,3.36,108.63,12.86,28.38,1.80,0.72,1.53,1.90,5.92,4.61,1.60,0.30,11.83,147.91,4.07
"2368","金像電",38.81,212.14,169.57,152.70,12.36,2.37,154.00,16.73,21.81,2.44,0.79,9.85,15.84,17.50,23.93,11.22,2.29,49.63,86.08,12.45
"2369","菱生",27.58,188.46,172.85,145.82,-3.23,4.79,76.20,13.07,27.92,1.69,0.71,-0.77,-1.49,-0.52,-3.71,-1.56,-0.23,48.71,80.76,3.72
"2371","大同",50.90,1695.48,110.64,70.23,0.00,5.46,66.84,7.69,47.46,22.05,0.82,-6.20,-12.83,-4.82,-14.42,-8.14,-1.49,-5.65,-26.41,-1.93
"2373","震旦行",39.95,1096.97,118.72,65.10,11.74,9.69,37.66,6.16,59.25,16.50,1.09,7.90,12.85,9.76,17.40,6.80,1.89,27.91,155.89,3.98
"2374","佳能",58.41,1275.49,135.70,131.57,32.98,8.23,44.34,102.26,3.56,41.32,1.96,8.23,19.30,14.34,24.35,3.64,2.42,25.26,64.04,15.38
"2375","凱美",26.72,816.35,97.09,90.55,-1.88,1.65,221.21,7.10,51.40,1.75,0.12,-1.25,-2.17,0.14,-1.87,-10.37,-0.37,17.64,1.85,4.36
"2376","技嘉",42.80,646.95,164.00,79.83,25.64,8.10,45.06,4.38,83.33,15.77,1.39,4.82,7.39,31.87,22.52,3.02,2.03,"NA",47.94,"NA"
"2377","微星",48.04,721.80,146.45,83.18,2902.00,7.09,51.48,5.75,63.47,23.66,1.80,3.11,6.00,10.18,14.77,1.69,1.50,12.09,50.54,9.91
"2379","瑞昱",10.61,916.41,656.82,597.36,38.53,5.44,67.09,4.66,78.32,5.27,0.53,9.62,10.69,27.43,24.66,17.65,2.50,129.29,162.14,7.86
"2380","虹光",13.34,865.91,451.18,335.75,11709.38,5.65,64.60,5.38,67.84,8.75,0.95,14.36,17.31,28.50,32.29,15.04,3.20,107.52,203.44,7.08
"2382","廣達",57.27,1075.33,146.26,137.14,40.31,6.44,56.67,56.54,6.45,55.92,2.48,7.24,16.22,35.09,41.70,2.71,3.37,10.81,118.36,2.32
"2383","台光電",50.32,178.92,133.69,95.86,18.30,3.64,100.27,5.31,68.73,1.59,0.61,2.82,4.94,5.21,3.73,3.89,0.53,29.89,57.86,9.82
"2385","群光",49.11,1666.68,109.30,78.36,16.42,8.04,45.39,14.83,24.61,48.01,1.81,7.02,13.31,22.19,18.57,3.66,1.62,11.83,144.31,1.12
"2387","精元",24.61,585.59,158.84,137.14,413.27,4.43,82.39,8.60,42.44,3.99,0.57,18.93,25.18,18.01,36.37,33.05,3.24,43.92,181.19,9.07
"2388","威盛",41.67,963.00,185.55,130.53,2.91,5.92,61.65,2.62,139.31,10.45,0.72,0.70,0.81,-0.16,1.04,0.66,0.10,26.86,247.29,12.53
"2390","云辰",17.76,1100.87,128.85,112.67,-34.91,9.44,38.66,46.21,7.89,6.17,0.35,-14.64,-18.68,4.30,-22.38,-43.19,-2.28,35.70,32.72,5.42
"2392","正崴",55.23,491.50,162.23,115.54,33.11,3.97,91.93,7.05,51.77,10.79,1.46,8.54,17.69,59.02,69.05,5.69,5.39,0.00,22.65,0.00
"2393","億光",25.00,576.00,241.00,221.00,9141.00,4.10,89.02,8.86,41.19,5.25,0.68,16.00,22.00,47.00,56.00,22.00,5.04,80.00,145.00,12.00
"2395","研華",14.99,780.21,387.65,317.03,26970.98,4.63,78.83,6.27,58.21,5.32,0.58,19.72,24.07,34.36,57.08,28.55,6.05,77.01,93.15,-0.41
"2397","友通",19.00,1501.00,456.00,371.00,2843.00,5.66,64.48,4.78,76.35,14.37,0.79,12.00,15.00,38.00,44.00,15.00,3.66,48.00,119.00,6.00
"2399","映泰",54.71,929.12,150.89,113.26,6945.82,3.87,94.31,10.47,34.86,42.80,2.21,6.38,14.26,16.22,19.67,2.85,1.63,17.46,187.56,18.36
"2401","凌陽",21.51,1007.21,334.62,243.74,401.76,5.80,62.93,4.10,89.02,11.83,0.92,12.49,15.35,27.24,25.06,12.77,2.56,116.80,121.83,15.84
"2402","毅嘉",46.61,371.02,136.73,117.43,0.00,3.22,113.35,4.65,78.49,3.76,0.60,-2.43,-4.70,5.54,-10.85,-4.56,-0.82,9.75,32.71,-0.28
"2404","漢唐",40.70,1739.78,206.29,151.21,64.28,5.85,62.39,0.29,1258.62,42.11,1.24,9.10,16.65,40.20,38.56,7.68,2.86,47.99,72.79,19.67
"2405","浩鑫",24.20,278.43,210.31,166.16,98.39,3.30,110.60,9.53,38.30,3.89,1.06,2.53,3.70,5.78,4.77,2.73,0.48,25.51,288.57,5.20
"2406","國碩",35.71,157.61,182.58,142.85,"NA",2.95,123.72,4.25,85.88,0.59,0.28,-9.71,-16.32,-20.49,-21.44,-36.39,-2.15,6.50,40.54,0.99
"2408","南亞科",42.89,239.47,207.64,135.51,5.04,6.58,55.47,6.32,57.75,1.45,0.49,3.00,4.08,1.54,8.58,4.68,0.61,76.99,95.16,9.54
"2409","友達",51.00,113.00,109.00,88.00,15.00,6.85,53.28,12.52,29.15,1.04,0.68,6.00,11.00,27.00,28.00,7.00,2.77,53.00,55.00,12.00
"2412","中華電",11.33,112.93,182.90,175.42,29818.91,13.67,26.70,8.20,44.51,0.51,0.40,10.29,12.44,60.70,61.78,25.99,4.94,200.17,132.68,9.82
"2413","環科",49.15,265.07,78.57,42.80,-8.20,4.09,89.24,2.45,148.97,2.62,0.51,-9.21,-19.66,-1.53,-33.82,-20.42,-3.41,7.31,46.22,5.58
"2414","精技",51.51,262.18,180.00,134.01,7.72,5.18,70.46,12.41,29.41,11.70,2.52,4.64,9.33,16.13,13.89,1.63,1.25,16.17,-23.92,9.30
"2415","錩新",50.17,855.20,109.13,86.58,3.54,3.94,92.63,7.69,47.46,5.76,0.49,2.07,3.01,5.36,6.13,3.04,0.46,4.33,40.56,"NA"
"2417","圓剛",29.38,481.91,321.64,285.42,58.21,6.72,54.31,5.06,72.13,4.10,0.67,13.10,19.62,28.88,27.60,18.20,3.28,57.42,133.21,7.74
"2419","仲琦",59.33,343.80,137.08,105.29,123.30,1.61,226.70,4.33,84.29,3.17,0.55,1.22,0.66,2.50,0.93,0.49,0.08,10.92,68.60,6.17
"2420","新巨",35.80,255.64,195.80,158.30,"NA",3.70,98.64,5.90,61.86,3.70,0.96,11.43,17.39,25.29,31.13,11.00,2.46,50.69,138.88,15.31
"2421","建準",47.51,278.25,145.21,88.55,647.00,3.70,98.64,3.82,95.54,4.63,0.95,2.58,4.03,2.80,6.01,2.20,0.50,9.59,50.57,3.66
"2423","固緯",41.86,212.46,136.36,85.43,25.60,4.90,74.48,3.49,104.58,2.09,0.67,7.30,11.67,22.37,20.24,10.49,1.64,10.18,76.53,-4.74
"2424","隴華",28.10,489.28,171.19,153.00,0.00,6.63,55.05,29.34,12.44,7.81,1.15,-10.73,-14.71,-5.92,-10.34,-9.88,-1.12,0.00,19.00,0.00
"2425","承啟",28.00,3588.00,282.00,227.00,-16.00,2.88,126.73,3.83,95.30,77.09,1.55,-11.00,-19.00,0.10,-8.00,-8.00,-1.72,60.00,207.00,21.00
"2426","鼎元",32.00,276.00,221.00,154.00,7.00,2.71,134.68,2.76,132.24,2.23,0.57,5.00,7.00,5.00,9.00,7.00,0.85,5.07,59.19,0.00
"2427","三商電",54.41,451.59,167.02,65.10,-75354.63,3.18,114.77,2.92,125.00,4.19,0.50,-5.63,-12.89,-4.48,-16.96,-12.48,-1.70,0.00,13.54,-2.97
"2428","興勤",34.00,506.00,201.00,164.00,2993.00,2.99,122.07,5.58,65.41,3.81,0.57,3.84,5.39,17.22,11.35,6.31,0.78,19.58,121.00,0.00
"2429","銘旺科",78.36,172.92,80.98,60.59,-2.96,2.89,126.29,5.50,66.36,2.26,0.63,-7.43,-36.25,0.89,-16.76,-14.62,-3.78,"NA",27.36,"NA"
"2430","燦坤",61.42,224.46,104.18,63.51,10.77,24.43,14.94,8.13,44.89,9.61,1.88,3.37,7.44,51.76,24.78,1.52,1.88,43.94,92.03,34.41
"2431","聯昌",35.19,4469.42,179.43,149.85,40.12,3.57,102.24,7.93,46.02,82.39,1.21,5.45,8.62,4.95,15.02,4.41,1.18,5.33,56.80,2.65
"2433","互盛電",47.81,1849.10,82.41,43.49,934.48,8.07,45.22,3.95,92.40,8.81,0.39,6.59,10.81,4.38,15.17,14.64,1.33,35.73,63.05,1.77
"2434","統懋",27.00,346.00,387.00,164.00,1014.00,3.10,117.74,1.50,243.33,2.00,0.50,5.20,6.80,9.70,8.70,9.90,0.79,107.20,140.50,6.80
"2436","偉詮電",10.25,1112.66,632.74,535.49,686.34,3.77,96.81,4.08,89.46,5.04,0.41,2.84,3.11,2.95,3.43,6.94,0.36,135.85,219.77,8.80
"2438","翔耀",49.70,475.27,187.45,145.28,3.24,4.69,77.82,13.84,26.37,9.07,1.46,5.34,7.89,14.49,9.71,2.82,1.00,27.35,62.96,7.61
"2439","美律",28.67,3680.09,207.22,200.64,73.62,4.15,87.95,41.52,8.79,33.56,0.60,11.74,16.81,14.59,43.94,19.46,4.23,20.63,69.27,-5.30
"2440","太空梭",50.12,177.14,127.87,74.07,-1616.84,3.04,120.06,2.51,145.41,1.87,0.68,-18.87,-38.65,-1.16,-21.83,-31.47,-3.16,0.00,16.79,0.00
"2441","超豐",19.84,202.36,321.37,294.43,18889.00,3.91,93.35,12.20,29.91,1.92,0.77,20.08,25.24,50.49,49.16,24.27,4.59,135.34,143.67,13.84
"2442","新美齊",71.25,666.04,110.84,109.79,1.84,5.97,61.13,375.74,0.97,61.82,2.67,2.67,5.00,1.40,2.34,0.44,0.27,0.00,0.00,0.00
"2443","新利虹",37.18,136.16,75.84,47.63,0.00,8.25,44.24,5.46,66.84,0.91,0.47,-6.01,-10.60,-12.85,-10.41,-14.55,-1.06,10.48,71.16,2.44
"2444","兆勁",54.33,177.55,141.17,84.37,-210.90,4.92,74.18,3.41,107.03,4.04,1.31,-1.71,-5.68,-2.09,-4.50,-1.88,-0.49,0.00,54.91,0.00
"2448","晶電",32.17,159.73,229.22,172.71,28.31,2.11,172.98,1.68,217.26,0.80,0.40,7.83,11.85,16.54,17.71,19.12,3.80,44.10,55.34,8.51
"2449","京元電子",45.16,135.42,159.09,157.05,6.70,3.48,104.88,82.72,4.41,0.52,0.34,5.51,9.17,12.58,11.77,15.02,1.72,95.02,68.23,10.89
"2450","神腦",55.80,241.81,156.88,75.77,6.18,10.98,33.24,7.74,47.15,13.04,2.95,3.57,6.47,12.56,9.13,1.03,0.76,13.34,73.19,9.67
"2451","創見",14.33,467.88,543.87,371.11,157928.09,8.43,43.29,11.54,31.62,12.52,2.16,19.18,23.43,53.40,54.56,8.86,4.58,13.34,75.63,-14.77
"2453","凌群",30.30,326.20,238.50,175.60,-102.40,2.80,130.35,5.50,66.36,4.20,0.90,-0.80,-1.10,-0.40,-1.80,-0.90,-0.18,52.40,123.30,14.50
"2454","聯發科",15.90,1372.94,409.75,376.61,"NA",11.67,31.27,5.92,61.65,15.84,0.84,33.14,38.32,199.69,212.94,39.30,21.31,232.53,254.70,28.53
"2455","全新",43.39,116.39,86.64,48.46,-10.36,4.61,79.17,2.68,136.19,0.72,0.43,-12.08,-23.24,-4.54,-16.37,-30.01,-1.73,18.79,-39.44,5.09
"2456","奇力新",49.69,202.11,159.46,123.19,14.01,3.46,105.49,4.38,83.33,1.31,0.49,7.53,13.77,14.52,16.38,13.34,1.73,27.66,51.69,2.71
"2457","飛宏",45.05,1238.88,136.57,104.07,17.10,4.53,80.57,8.38,43.55,20.35,0.98,5.78,11.05,5.80,14.61,5.66,1.70,34.57,134.21,17.93
"2458","義隆",17.97,478.59,344.54,263.89,37.09,7.55,48.34,3.81,95.80,5.20,0.89,8.00,10.00,13.49,11.95,9.05,1.18,102.08,167.04,9.22
"2459","敦吉",36.23,878.78,115.97,108.14,26.71,6.86,53.20,29.01,12.58,17.50,1.39,10.60,13.61,11.09,35.60,7.37,3.36,25.72,51.02,5.77
"2460","建通",48.49,301.74,163.13,125.62,9.64,3.24,112.65,4.71,77.49,3.61,0.75,5.34,9.27,15.89,14.50,6.23,1.24,19.12,147.52,8.67
"2461","光群雷",45.58,604.21,154.20,132.88,8.37,3.01,121.26,9.52,38.34,1.90,0.27,6.01,9.95,-0.31,13.05,19.05,1.16,69.17,104.61,7.48
"2462","良得電",33.67,948.26,185.40,182.84,225.54,2.96,123.31,136.94,2.66,18.47,1.29,8.54,12.67,16.45,23.62,6.30,1.72,8.49,108.46,-2.25
"2464","盟立",41.88,502.14,203.37,147.23,556.66,4.73,77.16,3.46,105.49,10.48,1.21,13.38,27.04,37.93,41.51,10.65,3.82,43.08,75.71,18.91
"2465","麗臺",51.73,371.12,159.85,103.34,-713.17,5.67,64.37,6.31,57.84,17.07,2.28,-8.30,-20.78,0.07,-23.31,-4.64,-2.32,41.72,12.99,34.97
"2466","冠西電",20.61,269.20,304.50,164.86,19.34,4.40,82.95,2.08,175.48,2.55,0.75,3.64,4.60,9.12,2.28,4.83,0.50,103.63,95.83,14.29
"2467","志聖",24.71,573.59,292.61,208.30,3611.97,3.01,121.26,2.86,127.62,5.60,0.75,11.83,15.74,16.95,25.74,14.55,2.35,39.07,110.64,5.89
"2468","華經",36.00,1383.00,188.00,163.00,45.99,3.38,107.98,13.96,26.14,28.18,1.31,3.00,5.00,11.00,10.00,2.00,0.62,27.00,227.00,11.00
"2471","資通",22.71,5938.76,474.46,435.38,-21010.50,2.23,163.67,41.76,8.74,43.21,0.56,-4.99,-6.35,-1.97,-7.87,-8.87,-1.00,13.98,165.19,2.60
"2472","立隆電",29.55,765.43,188.77,166.16,3.95,1.95,187.17,10.47,34.86,7.60,0.70,1.02,1.03,0.11,2.76,1.02,0.15,-1.02,24.19,-0.37
"2474","可成",22.23,1143.84,923.34,906.70,14014.34,3.13,116.61,8.57,42.59,0.89,0.07,35.10,47.60,6.16,135.23,362.90,13.93,81.17,108.40,1.30
"2476","鉅祥",28.33,691.03,125.85,109.95,14.94,2.83,128.97,9.36,38.99,3.23,0.36,10.84,15.75,4.45,24.58,28.73,2.39,17.29,58.50,1.34
"2477","美隆電",30.92,1308.67,150.55,136.85,97.08,4.48,81.47,22.34,16.33,15.82,0.82,5.86,8.56,3.37,12.30,7.05,1.14,52.37,153.97,10.48
"2478","大毅",10.86,417.77,457.87,412.88,563.09,1.80,202.77,5.63,64.83,1.73,0.37,6.84,7.85,14.58,21.65,18.65,1.73,104.91,82.64,8.69
"2480","敦陽科",25.62,561.37,325.64,250.52,55.07,1.93,189.11,4.07,89.68,7.02,0.95,7.13,9.60,16.83,17.03,7.41,1.53,52.24,162.17,8.39
"2481","強茂",57.29,319.59,204.62,158.26,1.04,3.75,97.33,4.55,80.21,2.26,0.58,1.13,0.18,9.47,0.25,0.13,0.03,18.07,27.57,2.94
"2482","連宇",28.56,265.57,207.30,134.55,51.59,5.13,71.15,3.75,97.33,3.56,0.96,10.43,14.53,22.07,22.82,11.20,1.94,68.14,128.95,12.96
"2483","百容",17.55,285.89,184.11,111.72,62.90,3.78,96.56,3.01,121.26,1.46,0.43,6.89,8.22,14.46,17.67,15.19,1.55,77.63,89.86,1.42
"2484","希華",31.17,237.97,297.19,211.44,12.21,3.69,98.91,3.06,119.28,1.09,0.42,4.31,5.94,17.71,14.03,9.50,1.16,79.87,34.00,7.13
"2485","兆赫",23.66,360.50,286.73,219.08,278.94,4.18,87.32,4.56,80.04,3.86,0.94,6.11,10.64,22.63,18.18,8.60,1.52,33.73,125.36,8.22
"2486","一詮",44.34,217.56,138.74,123.25,17.45,2.47,147.77,7.86,46.43,1.90,0.55,9.32,16.33,12.69,26.53,14.16,2.12,31.04,59.97,12.05
"2488","漢平",34.29,540.77,371.19,341.15,6.58,11.57,31.54,16.79,21.73,4.05,0.64,3.10,4.46,3.64,3.85,4.82,0.71,15.76,60.31,-6.11
"2489","瑞軒",53.97,656.84,207.22,166.89,-1.86,5.01,72.85,7.94,45.96,9.98,0.99,-1.64,-4.50,2.74,-5.97,-2.24,-0.63,17.56,65.31,5.85
"2491","吉祥全",45.47,172.01,81.62,69.09,4.72,1.26,289.68,6.03,60.53,0.45,0.21,-4.90,-10.36,-2.81,-3.49,-29.02,-0.38,37.93,133.30,5.74
"2492","華新科",21.87,348.88,152.42,119.69,22.65,3.74,97.59,4.45,82.02,1.72,0.43,4.89,6.51,10.73,14.57,11.04,1.67,45.90,125.12,9.38
"2493","揚博",39.99,362.16,213.22,187.63,6.88,2.15,169.76,7.86,46.43,5.49,0.97,4.87,7.43,21.32,17.36,4.21,1.20,34.96,58.49,16.34
"2495","普安",11.79,742.35,1131.36,1062.84,54460.96,5.20,70.19,5.40,67.59,5.70,0.68,31.14,35.28,56.94,59.99,42.45,5.99,151.91,82.48,-4.79
"2496","卓越",79.04,33.64,32.03,10.63,-7.16,2.35,155.31,1.29,282.94,0.26,0.15,-20.58,-77.96,-32.15,-34.84,-155.40,-3.49,"NA",35.81,"NA"
"2497","怡利電",31.94,233.07,197.32,105.86,-655.18,3.22,113.35,1.59,229.55,1.73,-1.15,0.47,-2.16,4.16,-4.38,-2.58,-0.23,46.13,71.21,11.60
"2498","宏達電",42.00,921.00,216.00,183.00,614.00,6.25,58.40,10.98,33.24,29.16,1.82,38.00,69.00,360.00,340.00,16.00,33.26,75.00,196.00,44.00
"2499","東貝",42.25,410.15,211.73,135.25,84.77,2.01,181.59,2.26,161.50,2.84,0.53,5.10,8.54,12.71,15.78,9.48,1.40,0.00,14.70,0.00
"3002","歐格",35.14,942.19,167.77,166.09,"*****",4.18,87.32,76.53,4.76,7.30,0.50,12.46,18.67,12.08,26.90,22.08,2.18,56.29,535.80,14.23
"3003","健和興",31.98,388.19,596.87,450.87,22.88,6.83,53.44,3.01,121.26,2.73,0.63,7.49,10.78,19.56,21.08,11.35,1.58,103.51,143.20,6.28
"3004","豐達科",85.27,151.98,249.79,90.87,-5.88,3.34,109.28,1.11,328.82,0.68,0.38,-18.52,-102.43,-2.04,-22.43,-53.75,-2.65,"NA","NA","NA"
"3005","神基",53.04,6604.67,183.62,121.09,18.19,10.17,35.88,10.75,33.95,449.47,3.43,7.35,17.07,19.02,28.77,2.04,2.93,4.85,90.28,1.88
"3006","晶豪科",23.71,2004.74,456.59,378.59,24.00,11.21,32.56,3.49,104.58,18.55,0.75,2.36,2.93,-10.32,12.10,3.00,0.83,53.81,167.99,5.50
"3008","大立光",18.82,266.36,154.00,137.00,22193.89,4.80,76.04,14.08,25.92,1.48,0.45,26.22,31.11,63.12,145.18,50.50,14.93,84.03,108.15,9.29
"3010","華立",41.95,1264.26,158.75,120.81,33.48,3.57,102.24,7.88,46.31,27.25,1.25,15.30,26.31,44.16,76.69,10.79,6.42,28.32,49.03,9.61
"3011","今皓",25.63,772.04,212.88,179.30,0.00,3.51,103.98,6.20,58.87,7.06,0.73,8.61,11.66,15.10,21.70,11.74,1.59,73.48,82.69,16.63
"3013","晟銘電",58.00,364.00,163.00,162.00,2.00,2.68,136.19,46.31,7.88,5.42,1.03,1.00,1.00,7.00,1.00,"*****",0.11,31.00,121.00,11.00
"3014","聯陽",24.81,1512.78,346.98,320.18,505.41,4.34,84.10,6.57,55.55,16.58,1.06,14.22,18.28,24.12,22.18,13.44,2.36,59.65,197.27,13.47
"3015","全漢",68.00,737.00,118.00,93.00,26.00,3.44,106.10,8.91,40.96,26.91,1.28,7.00,21.00,35.00,43.00,5.00,3.66,4.00,57.00,3.00
"3016","嘉晶",31.08,204.03,362.43,321.46,8.19,3.07,118.89,7.29,50.06,1.29,0.50,3.49,4.52,5.72,5.16,6.19,0.53,77.68,103.01,8.64
"3017","奇鋐",59.14,701.81,145.78,106.80,1.03,3.94,92.63,6.64,54.96,13.89,1.09,0.33,0.02,-0.18,0.05,0.01,0.00,"NA",33.43,-1.94
"3018","同開",55.90,450.99,129.83,106.54,-28.90,5.35,68.22,2.69,135.68,18.48,1.56,-4.96,-10.42,-15.13,-16.85,-3.29,-1.34,2.17,3.15,-3.99
"3019","亞光",22.77,488.27,156.76,150.54,3473.48,7.15,51.04,49.56,7.36,2.58,0.44,17.22,24.08,22.04,120.79,38.73,12.31,44.16,61.45,4.59
"3021","鴻名",82.89,132.56,71.01,52.91,-2.99,0.69,528.98,0.35,1042.85,0.69,0.19,-9.62,-91.13,-2.94,-15.82,-62.12,-0.97,5.52,-4.79,4.48
"3022","威強電",12.54,379.13,452.73,404.91,612.78,6.69,54.55,7.41,49.25,3.79,0.90,18.00,22.05,30.35,36.54,19.77,3.50,212.71,131.03,16.70
"3023","信邦",42.41,1094.71,254.05,228.32,10.60,3.24,112.65,10.20,35.78,9.97,0.79,13.43,24.49,19.80,40.72,15.51,3.99,55.26,43.74,10.90
"3024","憶聲",25.62,2277.29,195.60,182.56,43.49,9.82,37.16,31.07,11.74,41.85,1.53,13.69,19.23,7.34,27.36,8.78,2.96,44.74,75.03,7.15
"3025","星通",36.00,488.90,225.20,144.10,1.20,2.80,130.35,1.20,304.16,2.80,0.40,1.00,1.10,2.10,0.10,1.80,0.12,12.10,76.50,5.30
"3026","禾伸堂",36.95,373.73,290.18,235.16,25.30,3.78,96.56,7.58,48.15,6.90,1.30,11.41,19.12,58.81,57.05,8.37,4.74,50.35,66.85,11.53
"3027","盛達",26.37,308.02,191.17,174.29,154.71,5.23,69.78,10.64,34.30,2.69,0.64,5.35,6.94,8.53,9.79,7.76,1.07,46.82,92.37,7.50
"3028","增你強",61.43,520.17,143.96,95.98,6.22,5.03,72.56,8.02,45.51,26.97,2.32,6.72,14.86,40.52,33.13,2.43,2.64,"*****",34.01,-0.03
"3029","零壹",40.49,475.94,190.96,158.33,1.84,3.93,92.87,7.51,48.60,9.88,1.24,1.42,2.01,1.51,0.76,0.93,0.28,0.23,176.24,0.14
"3030","德律",20.84,200.52,299.63,230.38,89.87,2.52,144.84,2.55,143.13,1.63,0.69,17.62,22.44,30.42,32.78,25.39,3.19,103.55,95.61,13.27
"3031","佰鴻",22.00,4205.00,307.00,261.00,16251.00,3.47,105.18,7.59,48.08,53.97,1.02,15.00,19.00,28.00,34.00,14.00,2.70,51.00,113.00,9.00
"3032","偉訓",33.75,770.53,145.00,140.00,136.62,4.20,86.90,153.02,2.38,13.26,1.14,10.43,15.23,5.46,24.30,8.14,2.31,28.34,209.85,7.61
"3033","威健",56.92,11667.60,152.60,98.39,7.24,6.79,53.75,7.70,47.40,635.96,2.44,8.06,17.47,26.90,30.99,2.73,2.71,7.57,-33.96,3.39
"3034","聯詠",40.57,2091.05,227.47,192.07,66.25,4.76,76.68,7.43,49.12,44.90,1.55,34.02,54.05,124.29,122.68,21.69,12.21,41.98,123.70,7.99
"3035","智原",27.10,420.66,223.78,208.40,421.51,5.70,64.03,8.63,42.29,7.05,0.98,24.51,32.68,47.58,49.01,25.09,5.09,109.65,116.83,21.98
"3036","文曄",62.05,2476.32,185.95,56.15,3.64,10.83,33.70,5.55,65.76,134.57,2.97,2.46,5.08,22.22,11.41,0.64,1.07,43.91,"NA",33.24
"3037","欣興",33.50,186.21,114.61,90.21,2885.35,4.59,79.52,9.77,37.35,2.00,0.76,11.37,17.04,31.61,34.61,14.56,3.24,37.37,70.77,10.26
"3038","全台",53.44,157.92,175.13,121.35,1267.12,5.13,71.15,6.05,60.33,1.62,0.76,8.81,15.57,17.68,17.33,9.05,2.25,15.73,43.65,1.26
"3040","遠見",25.00,926.00,91.00,67.00,-59.38,2.97,122.89,4.09,89.24,1.31,0.25,-21.00,-28.00,-3.00,-33.00,-86.00,-3.48,7.00,70.00,2.00
"3041","揚智",37.77,682.77,312.31,259.36,32.21,7.73,47.21,3.66,99.72,5.17,0.94,13.96,28.20,11.18,26.49,14.44,2.80,133.26,88.67,35.43
"3042","晶技",32.28,267.62,216.40,151.32,1221.00,2.88,126.73,4.45,82.02,2.70,0.77,12.51,18.18,27.54,28.46,13.97,2.73,67.21,99.76,14.72
"3043","科風",26.29,738.13,283.92,201.19,164.44,3.13,116.61,4.58,79.69,11.00,1.10,19.27,23.34,30.56,39.07,15.66,3.53,55.08,68.53,13.29
"3044","健鼎",42.13,309.63,136.36,117.48,102.74,3.68,99.18,17.02,21.44,4.40,1.10,19.85,35.49,24.91,74.87,17.88,6.87,27.35,99.87,8.13
"3045","台灣大",25.88,176.22,166.56,163.49,3181.80,7.77,46.97,"*****","*****",0.82,0.40,13.98,19.33,34.67,36.98,34.25,3.31,161.03,163.41,11.23
"3046","建",70.19,260.71,100.50,93.60,-22.13,3.55,102.81,50.40,7.24,11.01,1.85,-43.12,-55.20,-21.41,-40.71,-12.33,-4.59,0.00,56.00,0.00
"3047","訊舟",46.63,1159.86,148.71,88.61,729.33,4.59,79.52,4.40,82.95,28.80,1.56,6.61,11.78,13.66,12.07,3.79,1.20,15.63,-6.54,11.94
"3048","益登",62.88,719.37,147.63,94.55,418.70,12.91,28.27,12.81,28.49,73.15,3.77,5.22,12.06,26.33,22.59,1.22,1.70,16.49,53.41,11.99
"3049","和鑫",60.02,126.40,105.96,84.32,-3.09,3.23,113.00,4.01,91.02,0.59,0.25,-3.57,-9.03,-5.17,-7.25,-16.24,-1.15,45.22,71.16,26.58
"3050","鈺德",31.05,196.18,191.55,178.15,-17.00,2.28,160.08,10.97,33.27,0.49,0.23,-8.13,-12.36,-13.65,-28.75,-37.44,-1.78,90.62,133.81,11.46
"3051","力特",60.94,143.82,165.88,84.08,0.00,8.57,42.59,2.29,159.38,1.47,0.76,-5.99,-16.34,38.11,-42.36,-8.55,-3.98,16.59,7.30,0.41
"3052","夆典",45.02,1242.03,128.44,78.72,0.00,8.46,43.14,5.53,66.00,29.24,1.40,-19.78,-39.08,-3.26,-27.49,-18.90,-3.63,64.57,36.71,39.06
"3054","立萬利",11.32,322.85,512.16,443.07,-7680.90,3.21,113.70,1.62,225.30,2.13,0.59,-23.62,-41.97,-4.02,-13.05,-58.12,-1.44,78.02,34.69,7.95
"3055","蔚華科",50.02,449.10,162.37,154.57,72.80,3.67,99.45,38.43,9.49,12.67,1.30,11.86,21.69,40.09,50.60,9.01,3.96,24.32,149.74,7.66
"3056","總太",50.00,181.00,136.00,114.00,0.00,3.98,91.70,6.79,53.75,2.28,0.70,-21.00,-39.00,-21.00,-35.00,-35.00,-3.54,12.00,75.00,8.00
"3057","喬鼎",20.38,606.44,272.49,163.97,0.00,5.16,70.73,3.48,104.88,5.95,0.78,1.16,1.44,8.74,-0.24,1.46,0.16,23.00,165.88,5.00
"3058","立德",47.78,1720.25,115.70,108.44,79.82,5.10,71.56,65.31,5.58,61.32,1.95,2.64,4.97,5.61,9.35,1.33,0.62,12.12,117.55,10.18
"3059","華晶科",46.73,5722.36,192.32,149.96,77.11,8.52,42.84,20.37,17.91,202.48,2.32,20.73,36.22,35.56,75.87,8.83,7.48,14.52,119.67,6.23
"3060","銘異",53.00,1195.00,123.00,109.00,81.00,4.40,82.95,19.83,18.40,33.34,1.43,13.00,25.00,35.00,54.00,9.00,4.40,10.00,83.00,-9.00
"3062","建漢",42.00,496.83,148.00,116.00,9.24,6.74,54.15,9.51,38.38,20.14,1.69,5.83,11.77,40.85,20.50,3.08,1.61,21.50,66.75,10.03
"3090","日電貿",49.29,878.16,171.20,139.89,80.19,3.05,119.67,9.85,37.05,24.66,1.50,14.77,32.25,47.39,58.80,9.75,5.18,4.30,24.91,0.23
"3130","一零四",28.00,308.00,260.00,257.00,"NA",9.86,37.01,"NA","NA",4.36,1.02,34.00,49.00,121.00,127.00,31.00,9.90,151.00,183.00,30.00
"3189","景碩",26.03,134.30,197.25,163.26,105.58,6.70,54.47,7.89,46.26,1.40,0.89,24.93,34.20,62.74,64.00,27.94,6.87,100.69,59.40,19.15
"3209","全科",48.97,461.33,165.08,113.61,13.67,7.77,46.97,11.00,33.18,25.64,3.18,10.91,20.90,31.68,38.38,3.18,3.02,-14.62,-54.98,-18.42
"3229","晟鈦",22.81,340.46,296.51,265.22,21467.28,3.19,114.42,10.36,35.23,4.28,0.97,17.17,22.39,37.55,35.48,16.81,3.06,66.50,107.28,7.19
"3231","緯創",48.09,896.76,156.16,129.90,9.25,11.42,31.96,29.22,12.49,55.48,3.21,8.59,15.90,30.51,27.26,2.05,3.31,7.41,17.47,6.36
"3266","昇陽",23.15,6496.78,392.00,324.00,1583.00,4.00,91.25,5.00,73.00,141.00,1.00,13.67,18.41,33.53,34.02,11.16,2.44,57.43,181.86,16.19
"3296","勝德",32.50,1323.48,243.85,243.17,19978.68,4.04,90.34,26033.28,0.01,31.35,1.60,20.97,31.79,55.66,61.21,12.38,5.60,26.73,133.78,-0.09
"3305","昇貿",45.47,404.90,129.24,107.29,15.80,2.58,141.47,7.99,45.68,4.33,0.64,16.31,29.29,15.40,49.83,20.03,4.10,"NA","NA","NA"
"3311","閎暉",29.52,1207.16,268.98,241.19,576.13,3.72,98.11,14.58,25.03,11.11,0.77,28.85,41.51,26.39,92.68,37.52,8.75,63.55,237.45,8.68
"3312","弘憶股",68.22,10544.33,140.23,109.88,17.09,9.03,40.42,21.78,16.75,1238.84,3.73,6.58,18.01,29.30,29.68,1.33,2.31,"NA","NA","NA"
"3356","奇偶",11.92,13462.47,913.91,813.59,"*****",13.30,27.44,4.36,83.71,130.47,0.85,42.07,47.34,94.95,97.10,42.50,8.48,357.18,375.15,26.17
"3376","新日興",28.18,609.21,301.73,289.03,46706.00,3.12,116.98,14.71,24.81,6.51,0.77,26.69,38.25,89.82,117.03,26.11,9.89,64.33,143.09,18.02
"3380","明泰",44.00,436.00,171.00,121.00,61.00,5.46,66.84,8.81,41.43,15.59,2.06,13.00,23.00,49.00,43.00,6.00,3.61,35.00,40.00,20.00
"2501","國建",10.32,685.72,871.57,199.29,172.08,10.30,35.43,0.08,4562.50,0.46,0.06,0.72,0.77,-0.48,1.12,11.41,0.09,-86.28,66.47,-8.50
"2504","國產",27.78,390.82,119.13,95.88,1975.20,3.38,107.98,8.96,40.73,2.74,0.53,4.84,6.58,9.51,8.70,8.69,0.87,19.26,510.73,4.45
"2505","國揚",63.89,804.35,146.35,24.85,2.66,19.44,18.77,0.33,1106.06,4.74,0.22,0.41,0.79,-7.58,0.74,1.27,0.12,-3.74,144.47,-5.86
"2506","太設",84.63,309.00,71.65,6.95,-0.59,2.45,148.97,0.17,2147.05,1.71,0.09,-2.99,-26.52,-4.22,-9.91,-50.30,-1.55,0.00,33.51,0.00
"2509","全坤建",52.48,252.01,174.48,19.78,5.20,18.20,20.05,0.25,1460.00,0.86,0.21,5.12,9.25,11.78,13.06,21.04,1.32,0.00,66.06,0.00
"2511","太子",58.25,319.91,116.89,0.31,1278.65,2.51,145.41,0.47,776.59,3.21,0.32,4.31,9.97,9.73,11.79,12.79,1.16,5.18,146.51,6.97
"2514","龍邦",25.84,1254.49,141.21,95.79,-4.25,2.93,124.57,0.99,368.68,0.37,0.03,-2.87,-4.56,-2.36,-5.86,-113.81,-0.59,279.13,93.88,10.99
"2515","中工",51.82,600.05,156.72,143.55,11.67,2.99,122.07,8.55,42.69,3.97,0.36,1.04,2.11,1.75,3.74,2.73,0.25,17.09,235.79,13.37
"2516","新建",69.42,321.04,118.91,72.24,-4.01,3.08,118.50,0.32,1140.62,8.99,0.93,-6.75,-23.88,-12.55,-15.92,-8.91,-1.61,"NA",4.45,"NA"
"2520","冠德",38.20,1160.97,191.13,27.21,6.63,57.84,6.31,0.24,1520.83,2.91,0.17,0.97,1.30,9.21,2.02,4.77,0.18,"NA",127.17,"NA"
"2524","京城",69.11,372.20,133.40,7.22,7.84,51.07,7.14,0.28,1303.57,3.77,0.31,8.55,28.15,42.17,40.22,24.37,3.64,"*****",15.17,"*****"
"2527","宏璟",48.47,1542.18,112.29,2.98,2.19,53.57,6.81,0.33,"NA",6.69,0.22,2.16,2.74,6.53,3.42,6.22,0.36,16.71,246.79,15.41
"2528","皇普",91.87,93.26,98.18,0.53,"NA",10.76,33.92,0.03,12166.66,0.14,0.02,5.31,36.65,-5.49,-11.52,146.88,1.06,"NA",219112.11,"NA"
"2530","華建",71.11,91.01,91.17,19.16,-11.19,5.07,71.99,0.03,12166.66,0.15,0.05,-15.66,-49.42,1.57,-55.17,-404.63,-5.61,3.74,"NA",7.62
"2534","宏盛",58.63,489.48,147.68,10.73,22.14,29.94,12.19,0.14,2607.14,2.24,0.15,2.73,6.37,8.40,9.67,17.03,0.97,9.67,104.74,13.65
"2535","達欣工",59.00,996.00,129.00,75.00,6282.00,3.94,92.63,0.87,419.54,24.99,1.12,3.06,6.91,7.93,9.28,2.50,1.00,"NA",24.39,"NA"
"2536","宏普",40.13,7190.85,241.88,24.03,"*****",31.79,11.48,0.29,1258.62,38.13,0.37,8.36,13.62,30.10,30.30,22.62,2.94,14.72,-0.24,3.58
"2537","聯上發",67.71,80.03,71.59,16.76,-9.00,5.52,66.12,0.31,1177.41,0.44,0.15,-30.86,-116.98,-11.36,-55.84,-233.88,-6.81,347.32,265163.63,240.02
"2538","基泰",42.54,110.15,108.14,40.57,-244.95,5.63,64.83,0.55,663.63,0.50,0.23,-3.17,-7.36,-2.49,-9.84,-17.68,-0.98,85.56,"NA",33.79
"2539","櫻花建",46.39,255.75,254.24,86.16,-19.25,37.41,9.75,3.27,111.62,11.28,3.63,-23.64,-82.12,-78.21,-45.92,-20.15,-4.59,2583.58,-28.13,198.16
"2540","愛山林",92.49,282.56,108.81,33.43,0.35,13.07,27.92,0.00,"*****",0.09,0.01,0.13,-11.58,-3.20,-4.13,-365.94,-0.48,"NA",11652.09,"NA"
"2542","興富發",67.00,671.00,149.00,34.00,54.00,8.00,45.62,0.33,1106.06,5.00,0.27,7.00,18.90,20.98,21.82,21.00,2.20,0.00,0.00,0.00
"2543","皇昌",75.48,282.76,121.41,62.39,2.80,5.40,67.59,0.55,663.63,7.50,1.04,4.19,9.93,22.92,14.79,2.57,1.14,"NA",6.75,"NA"
"2545","皇翔",78.37,573.20,119.70,3.19,17.83,138.74,2.63,0.21,1738.09,6.83,0.26,8.03,35.59,59.48,53.73,26.04,5.22,"*****",4.01,"*****"
"2546","根基",69.19,1099.14,121.26,118.11,12.00,4.28,85.28,0.61,598.36,60.09,1.68,3.41,9.15,17.53,14.35,1.62,0.91,0.69,101.81,1.49
"2547","日勝生",65.62,214.52,88.79,59.65,1.45,2.46,148.37,0.45,811.11,1.34,0.23,2.26,4.87,13.10,4.42,7.03,0.52,31.67,42.45,49.98
"2548","華固",62.29,46242.11,155.91,6.19,18.82,"NA","NA","NA","NA",847.73,0.69,13.92,41.33,70.02,71.29,18.78,7.34,"NA","NA","NA"
"2601","益航",18.41,559.73,39.67,39.34,13.64,"NA","NA","NA","NA",0.30,0.05,9.09,10.68,-0.78,11.04,174.95,1.04,"NA",16.87,"NA"
"2603","長榮",29.84,887.34,112.71,106.97,32.50,14.13,25.83,"NA","NA",4.91,0.47,14.03,21.63,25.09,54.17,29.12,4.53,142.11,120.39,15.66
"2605","新興",9.26,775.74,25.04,20.49,22611.71,44.28,8.24,"NA","NA",80.48,10.78,30.54,33.53,12.19,86.91,282.14,7.27,143.76,86.89,-8.07
"2606","裕民",12.00,1248.29,609.44,568.29,15021.00,17.39,20.98,"NA","NA",2.02,0.16,30.42,34.62,5.82,71.69,175.85,7.01,86.74,72.84,0.00
"2607","榮運",14.95,173.20,117.85,113.96,77.77,12.04,30.31,"NA","NA",0.42,0.21,6.15,7.19,4.62,16.17,28.50,1.25,158.01,225.97,3.57
"2608","嘉里大榮",45.57,97.65,126.56,123.57,4.86,5.73,63.69,"NA","NA",0.67,0.51,1.91,2.94,8.32,4.40,3.44,0.38,57.95,94.56,5.68
"2609","陽明",41.03,505.79,277.81,260.37,13.63,35.13,10.38,"NA","NA",6.53,1.05,12.49,20.35,13.24,43.78,11.01,4.11,70.95,60.64,1.23
"2610","華航",77.89,93.69,51.19,39.34,108.89,12.27,29.74,"NA","NA",0.54,0.44,1.79,1.21,9.55,1.18,0.59,0.19,24.07,26.01,4.46
"2611","志信",61.90,269.70,109.00,108.40,-0.50,4.60,79.34,"NA","NA",0.70,0.20,-0.70,-2.00,5.00,-1.70,-6.20,-0.28,"NA",94.40,"NA"
"2612","中航",35.00,1083.00,197.00,197.00,28.00,8.79,41.52,"NA","NA",3.78,0.31,12.89,19.00,5.00,27.00,37.00,2.55,117.00,108.00,8.58
"2613","中櫃",65.88,114.27,117.16,117.11,17.58,7.12,51.26,"NA","NA",0.45,0.36,5.21,15.89,15.84,16.36,14.02,2.13,55.14,451.90,3.88
"2614","東森",40.61,937.57,168.73,107.51,16.97,4.14,88.16,29.53,12.36,10.41,0.74,8.59,14.73,19.33,18.95,11.01,1.82,5.36,80.65,2.18
"2615","萬海",45.20,336.11,250.00,244.00,23.00,48.00,7.60,"NA","NA",3.86,0.89,10.50,19.19,13.00,32.07,11.00,2.91,20.03,41.00,-3.25
"2616","山隆",57.00,166.00,97.00,89.00,16.00,13.29,27.46,62.90,5.80,8.43,2.67,5.00,10.00,17.00,21.00,2.00,1.67,22.00,154.00,9.00
"2617","台航",25.95,1959.16,376.03,369.32,93.87,21.10,17.29,"NA","NA",8.96,0.41,15.58,21.60,33.45,41.63,35.92,3.23,150.00,92.34,3.82
"2618","長榮航",65.77,139.00,85.00,42.00,2.70,"NA","NA","NA","NA",1.37,0.69,2.14,3.00,1.00,3.00,2.00,0.39,13.00,147.00,2.00
"2701","萬企",13.90,282.90,674.80,673.20,"NA",397.70,0.91,"NA","NA",0.14,0.05,4.50,5.60,5.70,11.40,88.70,0.88,232.10,87.00,2.20
"2702","華園",23.00,143.00,99.00,19.00,747.00,24.00,15.20,46.00,7.93,0.31,0.18,2.78,3.27,3.27,3.78,13.62,0.37,142.30,224.55,4.55
"2704","國賓",35.65,125.77,121.91,111.51,6.10,25.45,14.34,43.51,8.38,0.34,0.24,4.43,6.14,10.62,11.90,15.73,1.14,129.53,199.16,4.91
"2705","六福",36.41,92.48,35.57,17.07,0.00,37.70,9.68,35.54,10.27,0.38,0.34,-10.59,-17.09,-2.95,-25.29,-32.80,-2.54,37.84,118.83,3.72
"2706","第一店",16.50,283.10,1632.40,1624.80,206.50,14.40,25.34,"NA","NA",0.20,0.06,6.50,8.00,10.60,21.60,110.10,1.66,384.00,493.00,3.40
"2707","晶華",16.06,336.68,359.24,352.63,667.53,24.38,14.97,41.27,8.84,2.00,0.59,18.86,22.97,48.76,52.58,31.87,4.24,204.87,118.85,7.78
"2801","彰銀",94.34,"NA","NA","NA","NA","NA","NA","NA","NA","NA",0.03,-2.74,-48.29,-75.59,-75.39,-85.44,-7.67,"NA","NA","NA"
"2809","京城銀",92.91,"NA",1146.39,"NA","NA","NA","NA","NA","NA",1.31,0.03,-0.25,-4.02,-3.14,-4.38,-7.71,-0.47,"NA","NA","NA"
"2812","台中銀",95.02,"NA","NA","NA","NA","NA","NA","NA","NA",2.14,3.40,-0.33,-7.46,-1.31,-5.46,-11.64,-0.65,"NA","NA","NA"
"2816","旺旺保",73.88,"NA",399.03,"NA","NA","NA","NA","NA","NA",24.49,1.81,-0.15,-0.54,-1.82,-0.37,-0.08,-0.02,"NA","NA","NA"
"2820","華票",90.24,"NA","NA","NA","NA","NA","NA","NA","NA",2.85,0.02,1.20,11.05,"NA",15.74,53.01,1.35,"NA","NA","NA"
"2823","中壽",95.27,"NA",2218.12,"NA","NA","NA","NA","NA","NA","NA","NA",0.36,8.39,5.87,6.17,0.90,0.77,"NA","NA","NA"
"2832","台產",56.04,"NA",461.09,"NA","NA","NA","NA","NA","NA",18.33,0.70,0.70,11.23,17.84,18.57,6.65,1.66,"NA","NA","NA"
"2834","臺企銀",97.24,"NA",287.10,"NA","NA","NA","NA","NA","NA","NA",0.03,-1.45,-45.50,-33.85,-33.57,-52.12,-3.74,"NA","NA","NA"
"2836","高雄銀",93.19,"NA","NA","NA","NA","NA","NA","NA","NA","NA",0.03,0.26,3.78,14.74,10.21,9.12,0.78,"NA","NA","NA"
"2838","聯邦銀",94.43,"NA","NA","NA","NA","NA","NA","NA","NA",3.27,0.06,-1.20,-18.66,-27.97,-26.55,-18.72,-1.94,"NA","NA","NA"
"2841","台開",89.48,5140.70,439.99,391.92,93.68,"NA","NA","NA","NA",0.87,0.02,1.73,35.21,-4.93,18.89,91.47,7.28,26.87,14426.04,6.50
"2845","遠東銀",92.85,"NA",294.07,"NA","NA","NA","NA","NA","NA","NA",0.06,0.50,6.76,8.31,8.38,8.78,0.80,"NA","NA","NA"
"2849","安泰銀",94.13,"NA",522.64,"NA","NA","NA","NA","NA","NA","NA",0.05,0.00,0.02,0.71,0.77,0.03,0.00,"NA","NA","NA"
"2850","新產",75.21,"NA",406.83,"NA","NA","NA","NA","NA","NA",18.03,1.30,2.91,11.72,18.08,17.70,2.14,1.49,"NA","NA","NA"
"2851","中再保",71.17,"NA",785.17,"NA","NA","NA","NA","NA","NA",36.60,0.59,3.01,10.91,15.62,15.63,4.80,1.45,"NA","NA","NA"
"2852","第一保",66.69,"NA",835.42,"NA","NA","NA","NA","NA","NA",15.36,1.27,0.60,1.76,3.53,3.42,0.47,0.21,"NA","NA","NA"
"2855","統一證",67.03,763.25,128.75,122.44,"NA","NA","NA","NA","NA","NA","NA",2.86,6.08,11.54,11.89,25.18,0.90,-22.12,-122.66,-35.85
"2880","華南金",6.47,"NA",3680.91,"NA","NA","NA","NA","NA","NA","NA",0.10,10.57,11.20,15.50,15.27,100.90,1.60,"NA","NA","NA"
"2881","富邦金",9.14,"NA",64.37,"NA","NA","NA","NA","NA","NA","NA",0.06,6.17,6.81,13.80,13.82,96.32,1.39,"NA","NA","NA"
"2882","國泰金",8.19,"NA",402.93,"NA","NA","NA","NA","NA","NA","NA",0.11,11.22,12.00,"NA","NA",93.84,2.57,"NA","NA","NA"
"2883","開發金",11.47,"NA","NA","NA","NA","NA","NA","NA","NA",491.03,0.08,7.61,8.44,10.24,9.69,88.07,0.96,"NA","NA","NA"
"2884","玉山金",11.34,"NA",11.89,"NA","NA","NA","NA","NA","NA","NA",9.22,9.44,10.64,15.03,14.95,100.85,1.54,"NA","NA","NA"
"2885","元大金",18.10,"NA",28.75,"NA","NA","NA","NA","NA","NA",1.74,0.01,-2.11,-2.96,-3.28,-4.06,-261.24,-0.39,"NA","NA","NA"
"2886","兆豐金",9.08,"NA",94.13,"NA","NA","NA","NA","NA","NA",41.87,0.11,10.81,12.60,19.29,19.49,100.64,2.09,"NA","NA","NA"
"2887","台新金",30.81,"NA",222.91,"NA","NA","NA","NA","NA","NA","NA",1.57,-2.23,-4.98,-5.32,-5.73,-171.57,-0.68,"NA","NA","NA"
"2888","新光金",26.33,"NA",111.53,"NA","NA","NA","NA","NA","NA","NA",0.09,8.97,11.82,16.63,17.12,98.59,1.74,"NA","NA","NA"
"2889","國票金",7.32,"NA",25.32,"NA","NA","NA","NA","NA","NA",415.12,0.11,10.45,11.03,12.89,12.89,97.25,1.29,"NA","NA","NA"
"2890","永豐金",5.03,"NA",231.09,"NA","NA","NA","NA","NA","NA","NA",6.53,6.14,6.48,7.94,7.90,92.90,0.82,"NA","NA","NA"
"2891","中信金",18.56,"NA",3428.47,"NA","NA","NA","NA","NA","NA","NA",0.09,10.70,16.51,19.74,19.74,95.58,2.20,"NA","NA","NA"
"2892","第一金",5.23,"NA",22192.34,"NA","NA","NA","NA","NA","NA","NA",9.56,15.90,16.73,15.10,24.22,153.80,2.43,"NA","NA","NA"
"2901","欣欣",16.16,132.67,513.54,495.14,0.00,720.42,0.50,89.81,4.06,1.11,0.73,1.88,2.29,2.33,3.34,2.56,0.25,55.88,345.76,1.41
"2903","遠百",50.40,128.00,28.40,24.50,10.70,95.00,3.84,67.40,5.41,0.90,0.50,3.00,5.50,6.60,10.00,5.40,0.98,20.00,55.60,4.20
"2904","匯僑",54.98,94.54,45.07,43.85,-1.62,5.95,61.34,"NA","NA",0.32,0.25,-4.43,-13.53,-2.39,-5.90,-25.91,-0.63,47.67,182.49,9.71
"2905","三商",48.64,304.97,204.13,114.52,-340.61,30.75,11.86,4.87,74.94,2.85,0.72,-3.15,-6.69,3.44,-6.58,-5.02,-0.84,11.97,59.59,0.75
"2906","高林",37.00,949.00,212.00,189.00,11.00,1.78,205.05,12.95,28.18,14.57,0.99,5.00,7.00,10.00,11.00,5.00,0.95,38.00,147.00,13.00
"2908","特力",45.07,438.21,183.38,170.21,5.18,6.94,52.59,192.20,"NA",10.38,1.80,8.81,13.23,15.33,18.83,4.11,1.90,33.22,48.71,1.17
"2910","統領",44.48,124.30,42.23,37.16,1923.95,278.67,1.30,36.41,10.02,1.35,0.74,8.11,14.69,18.77,17.70,10.67,1.56,47.29,63.33,10.89
"2911","麗嬰房",44.94,289.03,182.43,60.79,12.76,13.12,27.82,1.70,214.70,2.80,0.73,6.35,11.26,10.24,15.43,7.91,1.57,32.29,124.86,6.47
"2912","統一超",54.89,265.92,47.83,21.23,61.41,"NA","NA",26.08,13.99,13.47,2.78,11.81,24.73,45.64,50.60,3.90,3.99,57.50,87.68,18.21
"2913","農林",60.00,75.00,8.00,6.00,-1.00,5.27,69.25,13.31,27.42,0.12,0.10,-2.33,-11.00,-2.00,-9.00,-36.00,-0.97,"NA","NA","NA"
"2915","潤泰全",53.51,227.22,78.27,36.58,3.09,12.40,29.43,3.25,112.30,1.23,0.37,3.47,5.47,-0.81,4.91,6.83,0.57,2.58,106.28,0.81
"3406","玉晶光",11.32,2605.53,1237.55,1213.78,6376.12,3.52,103.69,105.94,3.44,12.04,0.41,25.08,30.57,104.29,176.06,47.66,15.87,152.20,182.12,2.64
"3416","融程電",24.64,3827.35,386.38,298.39,330.28,17.49,20.86,6.40,57.03,87.78,1.73,24.51,31.79,57.19,60.69,12.04,5.12,105.12,149.85,31.08
"3419","譁裕",44.91,328.09,108.97,95.15,24.44,3.18,114.77,18.29,19.95,5.83,1.05,10.94,20.80,17.88,37.42,9.72,3.43,15.20,43.78,9.60
"3443","創意",30.07,328.41,227.55,168.29,"NA",6.22,58.68,8.62,42.34,4.99,1.09,8.08,11.22,7.30,10.24,6.71,1.23,18.01,30.98,6.19
"3450","聯鈞",33.51,126.58,151.44,120.94,2244.16,8.23,44.34,11.70,31.19,1.45,0.88,11.53,18.47,26.73,26.98,12.82,2.51,89.77,45.69,22.09
"3454","晶睿",25.20,508.56,350.43,277.52,863.32,5.87,62.18,5.91,61.75,11.32,1.39,29.97,40.08,77.64,79.78,21.60,6.97,82.80,55.36,23.86
"3481","群創",66.41,117.11,132.30,67.41,82.38,8.82,41.38,6.77,53.91,1.47,0.98,1.16,2.06,3.64,1.50,0.79,0.21,"NA","NA","NA"
"3557","嘉威",10.00,402.22,759.06,718.91,"*****",1.67,218.56,0.49,744.89,0.09,0.02,-2.18,-2.43,-5.95,-5.96,111.00,-0.24,-42.67,-18.25,-4.77
"3576","聯合再生",0.28,105548.58,35093.05,35089.52,"NA","NA","NA","NA","NA","NA","NA",-1.58,-1.58,-0.80,-0.78,"NA",-0.44,-183.34,-526.18,-0.52
"3701","大眾控",49.00,72653.00,21.00,21.00,-6202.00,22.00,16.59,0.00,"*****",0.00,0.00,-47.00,-67.00,-28.00,-29.00,-6706.00,-5.75,0.00,0.00,0.00
"3702","大聯大",0.20,387663.14,47.41,35.60,"NA","NA","NA","NA","NA","NA","NA",-6.14,-6.15,-5.02,-5.02,"NA",-0.50,-28.10,-0.27,-0.06
"4104","佳醫",41.80,518.80,194.10,134.00,44.30,3.40,107.35,4.40,82.95,3.90,0.60,6.80,11.80,14.50,38.20,11.40,3.47,36.20,29.50,5.40
"4106","雃博",26.61,238.54,351.99,302.17,21.78,7.57,48.21,10.33,35.33,2.40,0.88,8.72,11.55,14.48,16.43,9.23,1.65,87.72,99.13,8.95
"4108","懷特",1.88,8232.00,3728.76,3728.23,"NA",1.49,244.96,0.92,396.73,1.47,0.02,-11.08,-11.49,-11.53,-14.20,-487.16,-1.42,-276.77,"NA","NA"
"4119","旭富",10.11,167.41,457.86,301.86,26.80,3.59,101.67,2.24,162.94,0.99,0.53,4.70,5.19,15.83,14.44,8.76,1.22,188.35,180.47,9.68
"4306","炎洲",49.29,221.63,138.04,70.49,4.92,4.23,86.28,3.72,98.11,3.14,0.94,3.86,6.80,16.30,12.66,3.49,1.02,16.96,4.60,6.23
"4414","如興",60.84,1265.40,174.98,41.53,1.55,9.77,37.35,2.45,148.97,18.35,1.01,1.70,0.91,10.25,2.82,0.34,0.11,-13.07,-59.03,-6.54
"4426","利勤",27.39,122.07,194.84,124.73,24.78,5.05,72.27,3.01,121.26,0.75,0.52,5.89,7.57,18.93,16.58,10.73,0.99,114.11,101.08,8.71
"4526","東台",47.25,295.15,159.39,100.60,60.22,2.66,137.21,2.83,128.97,5.02,0.95,12.94,25.18,43.77,55.68,12.85,4.67,7.34,17.13,"*****"
"4532","瑞智",26.26,311.25,198.86,134.15,39.30,3.05,119.67,4.95,73.73,1.85,0.49,11.22,15.02,4.16,28.47,22.50,2.32,18.70,76.17,0.26
"4720","德淵",32.24,256.89,193.19,134.13,622.00,6.94,52.59,7.44,49.05,5.24,1.48,2.56,3.48,4.47,3.99,1.54,0.45,48.32,73.51,10.26
"4722","國精化",48.15,214.64,167.36,118.48,6.24,4.29,85.08,7.86,46.43,4.26,1.36,4.32,7.88,10.14,10.68,2.92,1.13,27.35,37.73,9.27
"4904","遠傳",21.29,217.81,64.38,56.01,93.24,9.08,40.19,6.73,54.23,1.19,0.46,16.33,20.59,29.40,41.95,34.11,3.80,181.69,112.16,11.35
"4906","正文",38.75,440.72,189.80,157.03,1501.19,3.89,93.83,6.45,56.58,7.98,1.12,5.80,9.77,28.35,31.47,4.67,2.71,0.00,8.87,0.00
"5007","三星",55.46,124.14,102.31,54.71,12.60,6.90,52.89,4.93,74.03,2.72,1.16,8.85,19.86,24.52,28.24,7.24,2.55,37.03,109.16,9.13
"5203","訊連",7.70,1472.27,1179.95,1173.78,"NA",5.40,67.59,9.89,36.90,6.44,0.41,19.26,20.71,73.92,82.26,44.31,7.49,234.22,260.46,11.27
"5305","敦南",47.06,320.90,103.57,91.80,17.93,4.80,76.04,28.65,12.73,6.22,0.96,12.14,21.50,-4.20,32.80,12.03,3.13,16.77,137.58,1.05
"5388","中磊",48.27,369.03,153.27,101.57,5693.00,7.32,49.86,7.47,48.86,10.32,1.87,10.96,20.42,31.35,26.68,5.78,2.76,35.04,148.65,19.39
"5434","崇越",41.36,611.60,153.67,98.02,34.65,3.57,102.24,6.02,60.63,15.17,1.34,7.50,14.06,47.96,46.30,5.44,3.61,9.77,31.67,"NA"
"5469","瀚宇博",24.93,268.79,131.84,114.87,37.51,3.69,98.91,12.11,30.14,1.63,0.50,12.01,16.11,3.61,32.75,23.62,3.67,34.19,92.73,5.38
"5471","松翰",12.37,874.79,651.21,596.77,"NA",5.85,62.39,5.83,62.60,7.15,0.76,23.20,26.49,34.17,40.17,30.39,4.26,191.24,192.96,12.45
"5484","慧友",23.51,701.68,355.17,233.27,127.16,4.25,85.88,2.97,122.89,8.75,0.90,15.48,20.54,33.38,32.79,17.09,3.06,144.73,78.08,25.25
"5515","建國",34.68,650.64,127.62,91.47,118.52,10.06,36.28,"NA","NA",8.24,0.92,8.66,13.48,18.07,21.90,9.36,1.82,76.55,126.76,16.74
"5519","隆大",60.07,549.92,152.14,47.37,34.10,11.15,32.73,0.65,561.53,25.08,1.82,16.13,48.09,83.17,73.32,8.71,7.24,17.09,-3.75,19.01
"5521","工信",56.00,409.00,189.00,141.00,551.00,4.83,75.56,5.59,65.29,4.50,0.66,2.83,5.35,-0.92,8.53,3.42,0.64,0.00,59.33,0.00
"5522","遠雄",60.34,537.05,170.12,13.17,5.61,0.00,"*****",0.00,"*****",2.69,0.35,5.20,13.29,25.45,21.47,13.80,2.02,26.29,97.45,23.16
"5525","順天",35.79,739.31,240.79,10.27,0.00,47.31,7.71,0.64,570.31,7.37,0.64,15.75,24.55,34.62,36.03,23.21,3.64,26.67,44.27,3.44
"5531","鄉林",70.67,1003.37,135.25,33.92,131.63,2.41,151.45,0.66,553.03,13.47,0.39,11.28,35.37,48.61,47.72,22.42,4.58,"NA","NA","NA"
"5533","皇鼎",62.82,321.82,132.75,8.00,13247.38,68.71,5.31,0.50,730.00,3.01,0.36,6.79,16.67,19.05,24.76,15.97,2.42,1.70,44.46,0.00
"5534","長虹",73.29,642.46,138.87,10.35,11.54,154.15,2.36,0.26,1403.84,5.31,0.28,9.35,32.75,58.08,57.90,27.76,5.74,0.00,0.00,0.00
"5607","遠雄港",37.06,202.10,56.10,55.59,5.88,19.76,18.47,"NA","NA",0.47,0.22,5.81,8.39,14.98,11.62,22.98,1.20,49.19,216.80,6.80
"5608","四維航",11.72,2427.90,61.35,57.88,405.00,49.12,7.43,27.26,13.38,1.82,0.08,33.51,37.74,2.31,60.34,406.91,5.78,110.06,129.84,0.06
"5706","鳳凰",43.55,257.35,119.73,99.05,"NA",32.40,11.26,"NA","NA",14.08,3.09,12.37,20.98,20.63,29.95,3.69,2.55,41.12,125.40,18.81
"6005","群益證",71.09,478.86,118.79,118.70,25.62,"NA","NA","NA","NA","NA","NA",0.93,2.80,6.76,8.68,11.52,0.42,2.52,121.18,"NA"
"6108","競國",42.72,257.14,161.05,142.67,32.15,3.30,110.60,8.89,41.05,2.46,0.61,9.51,17.68,15.19,30.60,13.59,3.01,10.58,63.41,1.01
"6112","聚碩",24.20,423.42,241.26,176.98,7.89,3.70,98.64,5.58,65.41,6.23,1.00,0.39,0.44,8.97,1.57,0.31,0.10,36.74,105.56,9.85
"6115","鎰勝",44.86,772.70,115.52,111.09,24.16,3.71,98.38,63.48,5.74,11.74,1.09,10.06,17.65,17.70,35.35,8.88,3.10,-14.60,27.30,-11.31
"6116","彩晶",48.98,99.71,77.41,59.43,-9.09,6.28,58.12,13.88,26.29,0.86,0.55,-7.83,-16.56,-11.79,-15.93,-15.46,-1.67,19.15,26.41,7.35
"6117","迎廣",35.01,253.61,130.45,102.65,13.53,5.91,61.75,9.68,37.70,3.47,0.85,3.37,5.28,8.73,14.19,3.69,1.11,41.42,210.49,17.91
"6120","達運",43.11,299.39,168.17,144.54,18.68,4.32,84.49,12.82,28.47,4.13,0.92,12.60,21.86,20.69,49.80,10.26,5.42,3.37,"NA","NA"
"6128","上福",17.32,177.65,283.28,215.35,5.00,4.16,87.74,5.19,70.32,1.70,0.79,5.21,6.51,23.41,13.99,6.92,1.00,159.17,98.42,14.26
"6131","悠克",32.40,199.85,186.48,139.02,58.99,6.37,57.29,5.19,70.32,2.93,0.99,23.24,34.36,59.08,62.67,20.92,5.87,81.94,101.59,26.07
"6133","金橋",34.00,1136.00,252.00,189.00,62.00,3.39,107.66,4.73,77.16,10.67,0.74,7.00,12.00,12.00,16.00,10.00,1.76,11.00,36.00,-1.00
"6136","富爾特",27.60,1522.24,206.60,161.30,1931.29,2.40,152.08,2.67,136.70,15.60,0.74,4.32,7.80,13.76,17.19,8.45,1.34,56.24,107.36,10.16
"6139","亞翔",36.10,2863.68,323.19,248.20,6734.86,4.97,73.44,0.53,688.67,43.09,1.11,14.25,24.52,83.84,91.04,12.60,6.86,109.43,186.24,29.15
"6141","柏承",39.53,376.96,116.17,107.35,45.96,2.87,127.17,16.08,22.69,3.34,0.66,9.47,15.83,18.94,31.26,13.96,2.52,17.33,54.61,3.28
"6142","友勁",53.00,546.00,151.00,114.00,87.00,6.00,60.83,12.00,30.41,21.52,1.87,14.98,30.13,61.93,58.16,6.25,5.13,16.70,84.55,17.79
"6152","百一",47.59,908.52,212.57,156.02,-7.74,3.52,103.69,53.89,6.77,27.88,1.79,-7.35,-14.94,-9.94,-20.13,-4.50,-2.02,9.28,"NA","NA"
"6153","嘉聯益",33.89,611.48,206.33,165.66,16432.00,3.63,100.55,6.00,60.83,8.83,0.96,9.67,14.98,27.70,29.10,9.98,2.70,77.32,108.10,25.13
"6155","鈞寶",38.43,267.09,128.17,101.37,19.84,2.85,128.07,2.39,152.71,2.39,0.42,12.60,19.17,27.08,30.66,28.50,2.63,40.98,104.67,17.48
"6164","華興",27.31,1737.70,204.60,168.44,50.71,2.41,151.45,6.46,56.50,14.45,0.64,4.85,6.61,11.71,10.49,7.16,0.79,49.24,183.29,8.53
"6165","捷泰",22.91,1123.63,300.49,294.10,65.90,3.24,112.65,44.54,8.19,8.60,0.59,16.30,20.68,5.50,25.81,25.33,2.88,0.00,42.26,0.00
"6166","凌華",32.39,477.66,224.26,166.12,42.26,4.16,87.74,2.83,128.97,5.57,0.84,17.02,24.43,41.84,38.39,17.90,3.78,72.44,120.51,21.80
"6168","宏齊",30.97,293.08,217.51,145.41,112.60,3.88,94.07,2.58,141.47,2.92,0.75,5.30,7.27,22.87,16.00,7.02,1.15,43.98,62.20,10.15
"6172","互億",54.00,278.00,134.00,85.00,74.00,6.95,52.51,6.80,53.67,10.14,1.88,5.00,10.00,20.00,19.00,3.00,1.51,8.00,37.00,5.00
"6176","瑞儀",24.96,1012.34,275.40,249.71,29968.39,3.31,110.27,12.75,28.62,15.03,1.12,19.33,27.90,34.18,78.71,15.00,7.82,3.61,18.92,"NA"
"6177","達麗",49.19,261.29,204.44,129.50,-1.10,4.43,82.39,4.10,89.02,5.92,1.27,-0.98,-2.99,-1.95,-3.35,-1.19,-0.34,0.00,119.60,0.00
"6183","關貿",10.87,419.75,702.65,696.22,"NA",4.53,80.57,0.04,9125.00,1.38,0.30,4.64,5.10,6.54,7.64,15.61,0.57,91.20,166.28,5.05
"6184","大豐電",10.13,585.17,443.55,438.48,5800.06,20.08,18.17,52.07,7.00,2.98,0.46,17.39,19.36,38.06,44.90,37.68,3.49,224.48,179.78,6.53
"6189","豐藝",70.08,2955.27,149.92,83.21,20.26,10.49,34.79,9.46,38.58,288.39,3.45,8.92,26.32,57.78,54.29,2.00,4.30,-2.37,-12.09,-4.23
"6191","精成科",56.02,171618.46,131.96,110.86,13.67,8.09,45.11,26.77,13.63,10946.22,3.37,12.01,26.05,39.74,67.99,3.34,6.77,"NA","NA","NA"
"6192","巨路",49.02,347.88,173.49,103.79,44.99,5.18,70.46,5.71,63.92,7.72,1.35,7.11,14.30,41.11,36.78,5.26,2.90,29.60,64.33,7.37
"6196","帆宣",58.80,421.37,164.57,104.43,20.07,3.09,118.12,5.84,62.50,10.53,1.36,5.39,14.12,42.60,43.62,4.10,3.57,35.08,52.73,22.30
"6197","佳必琪",43.91,488.08,134.61,126.38,21.79,4.18,87.32,35.32,10.33,10.97,1.32,6.82,11.74,10.76,18.16,4.99,1.87,37.30,82.49,18.44
"6201","亞弘電",27.45,587.39,235.73,190.65,"NA",6.07,60.13,11.69,31.22,11.25,1.39,12.99,18.08,36.92,40.64,8.83,4.07,62.08,56.17,13.87
"6202","盛群",19.00,1879.00,458.00,381.00,479477.00,6.71,54.39,3.62,100.82,20.08,0.91,24.00,30.00,43.00,46.00,25.00,4.45,165.00,132.00,19.00
"6205","詮欣",35.85,512.92,177.63,162.40,237.59,3.09,118.12,11.71,31.16,6.74,0.91,13.59,22.70,26.15,42.73,14.96,3.65,38.92,149.27,11.48
"6206","飛捷",23.00,279.00,422.00,341.00,99.00,7.90,46.20,6.28,58.12,4.00,1.00,20.00,27.00,54.00,55.00,17.00,5.28,129.00,102.00,12.00
"6209","今國光",37.91,613.71,374.63,366.01,114.85,4.49,81.29,27.15,13.44,2.82,0.41,15.68,24.29,37.28,73.32,31.54,6.48,105.58,147.93,8.96
"6213","聯茂",41.00,416.00,213.00,185.00,5.00,3.13,116.61,18.71,19.50,6.55,1.22,7.00,11.00,9.00,14.00,5.00,1.52,0.55,72.17,11.48
"6215","和椿",51.50,192.18,119.92,91.66,26.94,2.71,134.68,5.03,72.56,4.00,0.96,9.91,21.48,24.33,29.58,10.02,2.67,9.70,11.39,3.98
"6216","居易",18.49,507.00,467.00,365.00,58.00,6.49,56.24,2.50,146.00,3.94,0.64,10.00,12.00,21.76,19.33,15.86,1.76,63.46,121.97,-1.17
"6224","聚鼎",21.12,632.65,314.38,208.00,"NA",3.73,97.85,1.76,207.38,4.81,0.71,14.01,16.69,25.89,26.32,19.81,2.18,110.43,105.69,9.55
"6225","天瀚",59.21,245.03,126.85,99.03,0.00,2.64,138.25,4.84,75.41,4.38,0.71,-24.44,-61.20,-29.00,-49.17,-35.68,-5.75,13.01,51.51,12.29
"6226","光鼎",46.00,417.00,156.00,120.00,6.00,3.12,116.98,3.73,97.85,5.68,0.80,3.20,5.00,4.00,8.00,3.00,0.56,16.00,27.00,10.00
"6230","超眾",40.77,575.09,207.56,157.36,239.22,3.37,108.30,4.90,74.48,11.66,1.20,8.35,16.08,10.36,34.43,6.72,3.13,"NA",41.58,"NA"
"6235","華孚",16.06,357.40,282.36,226.35,37.28,3.29,110.94,3.87,94.31,1.51,0.36,5.04,6.81,6.49,14.20,15.00,1.20,60.03,185.02,0.00
"6239","力成",50.05,105.60,80.67,68.44,39.75,5.69,64.14,16.63,21.94,0.75,0.55,21.05,39.74,89.74,89.84,31.42,8.78,125.97,71.53,22.92
"6243","迅杰",27.00,4039.00,355.00,274.00,46.00,3.53,103.39,4.29,85.08,66.83,1.14,17.00,26.00,31.00,28.00,13.00,3.25,13.00,1.00,3.00
"6257","矽格",36.06,102.86,157.69,140.76,11.38,4.61,79.17,22.25,16.40,0.74,0.51,6.84,9.96,18.82,16.87,12.83,1.67,106.55,83.60,11.37
"6269","台郡",50.00,288.00,209.00,172.00,-1234.00,2.39,152.71,5.17,70.59,3.04,0.75,-8.61,-19.00,-2.00,-19.00,-12.00,-2.15,30.51,50.54,3.92
"6277","宏正",23.00,277.00,289.00,240.00,4019.00,4.48,81.47,7.88,46.31,3.34,0.93,22.00,29.00,79.00,85.00,23.00,6.99,100.00,127.00,2.00
"6278","台表科",57.50,273.11,121.89,99.40,22.84,3.92,93.11,9.45,38.62,6.68,1.19,12.20,31.15,34.07,68.27,9.87,6.31,12.29,32.84,10.34
"6281","全國電",49.90,1404.61,184.24,121.82,19776.55,106.37,3.43,8.23,44.34,82.82,2.95,12.77,26.86,49.34,52.44,3.68,4.70,34.45,188.90,18.18
"6282","康舒",46.00,642.00,159.00,132.00,85.00,4.74,77.00,8.08,45.17,11.85,1.00,4.63,8.47,3.50,12.60,4.51,1.22,17.00,219.00,"*****"
"6283","淳安",38.10,1793.50,108.40,107.70,107.70,3.06,119.28,346.90,1.05,13.90,0.50,6.40,11.40,9.20,20.30,11.80,1.76,10.60,36.20,"NA"
"6285","啟",40.00,470.00,193.00,149.00,30.00,6.37,57.29,10.80,33.79,16.63,2.10,10.00,17.00,57.00,45.00,4.00,4.79,39.00,71.00,21.00
"6289","華上",44.00,187.00,324.00,229.00,900.00,3.68,99.18,4.43,82.39,1.42,0.68,5.00,9.00,8.00,12.00,7.00,1.18,100.00,59.00,7.00
"6505","台塑化",48.13,121.56,148.13,82.04,14.80,11.20,32.58,9.31,39.20,1.76,1.17,15.87,29.41,68.44,69.20,12.92,6.40,72.36,80.54,7.53
"6605","帝寶",40.85,131.19,158.00,115.69,154.05,4.41,82.76,5.94,61.44,1.73,0.88,18.53,31.17,130.96,133.56,21.04,10.48,84.84,93.59,9.96
"8016","矽創",33.30,1293.70,312.62,257.11,72.33,5.63,64.83,6.29,58.02,23.95,1.61,27.60,43.06,97.58,95.40,16.93,9.27,95.62,108.47,36.33
"8021","尖點",48.62,163.94,124.84,94.76,20.23,2.51,145.41,3.89,93.83,1.00,0.44,13.90,24.63,28.24,35.35,25.70,3.86,15.48,27.46,4.15
"8033","雷虎",27.16,662.96,235.53,156.39,166.77,16.52,22.09,3.20,114.06,6.94,0.93,20.48,27.57,49.52,51.75,21.93,3.97,108.86,233.71,18.40
"8039","台虹",40.55,282.64,238.49,181.18,51.36,3.37,108.30,4.29,85.08,2.97,0.87,15.21,24.68,56.06,57.82,17.13,4.88,26.04,33.16,5.02
"8046","南電",36.65,174.66,178.71,132.58,73.00,4.63,78.83,9.79,37.28,2.97,1.17,22.27,35.81,75.11,85.56,16.57,7.75,93.87,93.01,21.44
"8070","長華",50.99,870.73,149.17,132.08,65.19,4.80,76.04,26.59,13.72,43.94,2.47,14.90,32.66,96.78,119.62,5.49,10.61,6.00,21.00,-9.00
"8072","陞泰",17.11,2423.99,578.62,496.37,"*****",6.50,56.15,6.50,56.15,32.55,1.11,35.34,41.05,152.33,159.47,26.74,13.86,150.63,250.50,19.73
"8081","致新",26.00,1062.00,360.00,259.00,704.00,4.05,90.12,4.06,89.90,19.59,1.37,45.00,64.00,132.00,129.00,27.00,12.87,81.00,89.00,27.00
"8101","華冠",52.00,513.00,134.00,119.00,1.00,11.58,31.51,25.44,14.34,24.81,2.52,1.00,0.00,15.00,0.00,0.00,0.03,14.00,90.00,5.00
"8103","瀚荃",17.97,421.86,266.00,242.00,84.38,3.38,107.98,15.26,23.91,3.92,0.77,17.56,25.21,21.66,44.32,20.18,4.46,66.62,85.27,4.89
"8105","凌巨",48.23,269.40,143.93,108.32,16.37,5.46,66.84,10.66,34.24,5.00,1.22,11.70,23.44,19.51,31.47,8.87,3.15,45.25,37.49,19.21
"8110","華東",52.50,150.60,118.30,94.10,6.00,4.26,85.68,8.20,44.51,1.30,0.60,7.70,13.50,16.40,11.90,10.40,1.29,33.50,122.70,5.20
"8112","至上",57.00,1348.00,435.00,312.00,3.00,17.00,21.47,31.41,11.62,99.83,5.87,8.00,11.00,40.00,28.00,1.00,2.22,"NA","NA","NA"
"8114","振樺電",27.21,353.45,288.13,234.90,78375.50,6.19,58.96,6.81,53.59,5.77,1.19,34.53,47.72,107.17,118.33,25.38,9.40,104.21,158.01,19.57
"8201","無敵",19.36,668.04,387.97,334.05,"*****",8.18,44.62,9.56,38.17,7.07,0.85,6.59,7.92,49.19,45.34,7.98,2.40,168.35,425.14,20.81
"8210","勤誠",30.86,499.70,185.43,156.09,"NA",6.76,53.99,12.15,30.04,10.86,1.60,9.74,14.80,27.84,28.42,6.07,2.07,40.89,95.70,13.13
"8249","菱光",40.99,1852.50,214.87,196.81,72.88,7.52,48.53,16.08,22.69,39.07,1.35,16.67,28.50,51.30,84.25,10.34,6.31,51.58,162.31,18.39
"8261","富鼎",40.09,2375.17,223.41,177.61,61.34,2.77,131.76,6.16,59.25,47.05,1.20,12.12,19.30,31.02,32.98,7.99,3.14,-7.09,-54.17,-4.49
"8374","羅昇",29.87,1191.74,207.55,133.64,330.00,3.29,110.94,3.91,93.35,14.33,0.84,13.36,18.38,20.52,40.76,14.36,3.05,50.26,94.32,9.65
"8926","台汽電",35.49,503.00,238.00,195.00,705.00,6.95,52.51,5.09,71.70,0.88,0.17,4.67,6.40,1.46,8.70,25.36,0.83,97.73,172.74,-0.77
"8940","新天地",38.63,95.97,77.14,53.98,16.67,53.94,6.76,11.33,32.21,1.04,0.81,8.74,13.82,29.86,28.19,10.15,2.10,70.24,139.06,12.70
"8996","高力",48.58,178.55,129.64,82.76,10.92,3.39,107.66,3.83,95.30,2.14,0.78,5.60,9.61,12.54,15.09,6.56,1.26,3.89,61.95,"NA"
"9902","台火",63.75,386.35,86.75,4.32,-1.42,22.69,16.08,62.22,5.86,0.33,0.03,-3.83,-14.98,0.28,-10.98,-177.93,-1.25,2.81,699.78,3.37
"9904","寶成",33.82,791.99,93.75,76.90,10.98,6.40,57.03,13.09,27.88,2.74,0.27,8.92,13.20,1.98,17.59,30.73,1.98,86.89,53.35,8.81
"9905","大華",10.97,991.17,687.54,482.97,1534.08,5.25,69.52,3.01,121.26,4.42,0.45,8.04,8.93,11.11,17.44,18.04,1.41,54.17,72.77,-1.47
"9906","欣巴巴",87.75,124.55,16.05,10.92,-1.24,4.02,90.79,14.51,25.15,0.56,0.27,-3.06,-35.19,-6.45,-9.74,-17.29,-1.18,-10.81,-74.28,-3.84
"9907","統一實",41.87,117.04,269.45,100.76,1.28,16.68,21.88,6.44,56.67,0.72,0.58,1.06,0.43,5.56,0.57,0.43,0.05,25.12,112.07,-0.57
"9908","大台北",35.80,218.48,35.09,27.73,7464.94,7.37,49.52,17.70,20.62,0.84,0.29,4.27,7.02,3.30,11.11,14.44,0.96,25.86,59.40,1.90
"9910","豐泰",30.00,377.00,130.00,126.00,922.00,10.62,34.36,129.08,2.82,6.00,1.21,13.00,18.00,12.00,29.00,11.00,2.69,49.00,107.00,2.00
"9911","櫻花",40.52,262.09,100.74,72.18,2.51,5.39,67.71,8.00,45.62,2.18,0.58,2.79,3.37,3.83,3.76,3.39,0.38,4.18,154.86,0.23
"9912","偉聯",72.00,1381.00,112.00,49.00,"NA",7.43,49.12,7.27,50.20,140.94,2.76,-4.00,-17.00,-8.26,-5.22,-1.74,-0.90,"NA","NA","NA"
"9914","美利達",39.40,453.10,121.40,83.20,55.10,6.70,54.47,6.80,53.67,7.40,1.00,10.50,17.80,17.60,38.30,10.10,2.80,42.00,152.10,12.50
"9917","中保",21.41,241.42,143.56,135.28,309.00,10.31,35.40,5.87,62.18,1.57,0.50,13.24,17.34,32.67,38.76,26.29,3.26,118.11,111.41,7.62
"9918","欣天然",32.50,169.08,174.12,172.39,"NA",7.70,47.40,71.59,5.09,1.36,0.54,6.57,9.56,13.54,16.55,11.83,1.29,55.82,146.40,10.11
"9919","康那香",41.58,150.81,102.67,67.21,8.68,5.53,66.00,4.72,77.33,1.44,0.65,5.17,7.72,10.41,12.48,6.80,1.01,19.36,83.32,2.88
"9921","巨大",38.59,1402.77,110.56,84.35,86.86,4.60,79.34,8.97,40.69,25.14,1.10,12.11,19.57,20.31,46.44,10.68,4.10,29.96,72.66,3.30
"9924","福興",21.58,437.40,328.90,276.10,5442.90,5.70,64.03,8.00,45.62,4.90,1.00,27.20,35.80,11.80,73.40,28.50,6.83,73.60,111.30,8.30
"9925","新保",28.47,347.78,134.02,123.83,70.30,12.56,29.06,"NA","NA",1.96,0.44,11.03,15.67,23.22,28.42,24.48,2.30,63.69,135.65,6.80
"9926","新海",43.06,150.29,92.12,82.13,"*****",7.40,49.32,"NA","NA",1.32,0.57,4.60,8.02,16.93,13.58,7.98,1.06,30.83,127.13,4.88
"9927","泰銘",29.80,696.84,244.82,178.03,1648.00,5.70,64.03,5.80,62.93,14.79,1.51,12.45,17.70,39.41,35.17,8.45,2.71,55.87,89.24,0.00
"9928","中視",66.21,128.62,59.49,27.87,0.00,6.76,53.99,3.07,118.89,0.70,0.24,-8.71,-28.19,-9.86,-20.27,-40.13,-2.03,13.55,28.46,2.57
"9929","秋雨",51.22,120.26,49.02,45.51,2.63,3.28,111.28,29.28,12.46,0.84,0.42,3.56,5.44,1.09,4.71,5.85,0.47,20.32,108.66,6.64
"9930","中聯資源",20.00,189.00,202.70,180.90,98140.00,7.40,49.32,27.60,13.22,2.50,1.00,18.60,24.30,44.10,47.20,17.60,3.52,113.90,169.60,8.90
"9931","欣高",57.86,57.44,42.54,29.18,23.69,6.05,60.33,3.60,101.38,0.39,0.29,2.85,6.47,12.03,10.73,9.58,0.82,18.55,103.23,7.00
"9933","中鼎",54.03,689.01,132.40,101.73,16.08,13.70,26.64,"NA","NA",15.87,1.10,4.47,9.55,3.89,13.22,3.86,1.32,-10.06,61.84,-13.21
"9934","成霖",38.96,3298.26,142.00,134.29,13496.00,4.22,86.49,42.12,8.66,28.61,0.86,4.51,6.33,9.14,13.82,5.22,1.01,"NA",34.96,"NA"
"9935","慶豐富",59.01,412.52,226.75,156.50,2.65,4.17,87.52,6.67,54.72,6.42,1.12,2.44,3.89,8.04,6.48,1.37,0.49,20.56,"NA",6.34
"9937","全國",59.18,69.19,43.40,37.36,104.00,251.79,1.44,63.00,5.79,3.30,1.99,5.15,11.84,10.90,19.79,2.56,1.46,45.88,181.50,52.25
"9938","百和",36.80,321.90,99.30,68.00,31.90,4.80,76.04,5.90,61.86,1.60,0.40,8.90,14.40,6.90,26.20,21.50,2.07,12.50,39.00,1.40
"9939","宏全",39.10,157.90,102.50,67.60,7.35,4.30,84.88,5.20,70.19,1.13,0.50,5.50,7.60,26.00,16.50,8.80,1.54,35.60,67.60,6.10
"9940","信義",36.17,577.98,275.20,270.48,27983.76,10.89,33.51,"NA","NA",10.01,1.11,22.97,36.36,61.57,74.21,18.66,5.67,111.08,150.06,25.32
"9941","裕融",78.30,2948.60,114.50,108.00,4.70,"NA","NA","NA","NA",15.70,0.10,4.30,15.30,22.90,36.00,28.80,2.72,3.20,97.30,"NA"
"9942","茂順",24.71,202.11,208.05,137.02,76.69,3.57,102.24,3.79,96.30,2.17,0.72,10.38,14.31,34.60,32.17,14.27,2.59,65.61,88.66,5.70
"9943","好樂迪",20.18,190.66,126.11,120.02,215.75,108.80,3.35,78.06,4.67,2.43,1.07,12.11,15.51,25.71,28.55,10.94,2.12,137.71,143.57,15.12
"9944","新麗",56.00,492.00,167.00,34.00,20.00,4.50,81.11,0.70,521.42,1.26,0.21,6.12,11.84,2.79,20.43,28.02,1.93,0.00,20.54,0.00
"9945","潤泰新",62.86,222.94,101.17,10.11,1.81,36.30,10.05,0.89,410.11,1.41,0.36,2.08,3.56,3.76,4.32,3.71,0.39,3.21,76.83,2.01
"9946","三發地產",29.26,212.92,264.11,168.32,9.78,5.29,68.99,2.09,174.64,2.89,0.98,0.13,0.04,2.94,1.84,0.03,0.00,34.75,49.82,0.34
"9955","佳龍",21.90,264.37,330.41,224.09,78.96,7.95,45.91,7.54,48.40,4.49,1.56,12.92,17.32,29.58,29.20,8.18,2.25,49.11,66.51,8.59